Periods,Temperature
1,25
2,25
3,25
4,25
5,25
6,25
7,25
8,25
9,25
10,25
11,25
12,25
13,25
14,25
15,25
16,25
17,25
18,25
19,25
20,25
21,25
22,25
23,25
24,25
25,25
26,25
27,25
28,25
29,25
30,25
31,25
32,25
33,25
34,25
35,25
36,25
37,25
38,25
39,25
40,25
41,25
42,25
43,25
44,25
45,25
46,25
47,25
48,25
49,25
50,25
51,25
52,25
53,25
54,25
55,25
56,25
57,25
58,25
59,25
60,25
61,25
62,25
63,25
64,25
65,25
66,25
67,25
68,25
69,25
70,25
71,25
72,25
73,25
74,25
75,25
76,25
77,25
78,25
79,25
80,25
81,25
82,25
83,25
84,25
85,25
86,25
87,25
88,25
89,25
90,25
91,25
92,25
93,25
94,25
95,25
96,25
97,25
98,25
99,25
100,25
101,25
102,25
103,25
104,25
105,25
106,25
107,25
108,25
109,25
110,25
111,25
112,25
113,25
114,25
115,25
116,25
117,25
118,25
119,25
120,25
121,25
122,25
123,25
124,25
125,25
126,25
127,25
128,25
129,25
130,25
131,25
132,25
133,25
134,25
135,25
136,25
137,25
138,25
139,25
140,25
141,25
142,25
143,25
144,25
145,25
146,25
147,25
148,25
149,25
150,25
151,25
152,25
153,25
154,25
155,25
156,25
157,25
158,25
159,25
160,25
161,25
162,25
163,25
164,25
165,25
166,25
167,25
168,25
169,25
170,25
171,25
172,25
173,25
174,25
175,25
176,25
177,25
178,25
179,25
180,25
181,25
182,25
183,25
184,25
185,25
186,25
187,25
188,25
189,25
190,25
191,25
192,25
193,25
194,25
195,25
196,25
197,25
198,25
199,25
200,25
201,25
202,25
203,25
204,25
205,25
206,25
207,25
208,25
209,25
210,25
211,25
212,25
213,25
214,25
215,25
216,25
217,25
218,25
219,25
220,25
221,25
222,25
223,25
224,25
225,25
226,25
227,25
228,25
229,25
230,25
231,25
232,25
233,25
234,25
235,25
236,25
237,25
238,25
239,25
240,25
241,25
242,25
243,25
244,25
245,25
246,25
247,25
248,25
249,25
250,25
251,25
252,25
253,25
254,25
255,25
256,25
257,25
258,25
259,25
260,25
261,25
262,25
263,25
264,25
265,25
266,25
267,25
268,25
269,25
270,25
271,25
272,25
273,25
274,25
275,25
276,25
277,25
278,25
279,25
280,25
281,25
282,25
283,25
284,25
285,25
286,25
287,25
288,25
289,25
290,25
291,25
292,25
293,25
294,25
295,25
296,25
297,25
298,25
299,25
300,25
301,25
302,25
303,25
304,25
305,25
306,25
307,25
308,25
309,25
310,25
311,25
312,25
313,25
314,25
315,25
316,25
317,25
318,25
319,25
320,25
321,25
322,25
323,25
324,25
325,25
326,25
327,25
328,25
329,25
330,25
331,25
332,25
333,25
334,25
335,25
336,25
337,25
338,25
339,25
340,25
341,25
342,25
343,25
344,25
345,25
346,25
347,25
348,25
349,25
350,25
351,25
352,25
353,25
354,25
355,25
356,25
357,25
358,25
359,25
360,25
361,25
362,25
363,25
364,25
365,25
366,25
367,25
368,25
369,25
370,25
371,25
372,25
373,25
374,25
375,25
376,25
377,25
378,25
379,25
380,25
381,25
382,25
383,25
384,25
385,25
386,25
387,25
388,25
389,25
390,25
391,25
392,25
393,25
394,25
395,25
396,25
397,25
398,25
399,25
400,25
401,25
402,25
403,25
404,25
405,25
406,25
407,25
408,25
409,25
410,25
411,25
412,25
413,25
414,25
415,25
416,25
417,25
418,25
419,25
420,25
421,25
422,25
423,25
424,25
425,25
426,25
427,25
428,25
429,25
430,25
431,25
432,25
433,25
434,25
435,25
436,25
437,25
438,25
439,25
440,25
441,25
442,25
443,25
444,25
445,25
446,25
447,25
448,25
449,25
450,25
451,25
452,25
453,25
454,25
455,25
456,25
457,25
458,25
459,25
460,25
461,25
462,25
463,25
464,25
465,25
466,25
467,25
468,25
469,25
470,25
471,25
472,25
473,25
474,25
475,25
476,25
477,25
478,25
479,25
480,25
481,25
482,25
483,25
484,25
485,25
486,25
487,25
488,25
489,25
490,25
491,25
492,25
493,25
494,25
495,25
496,25
497,25
498,25
499,25
500,25
501,25
502,25
503,25
504,25
505,25
506,25
507,25
508,25
509,25
510,25
511,25
512,25
513,25
514,25
515,25
516,25
517,25
518,25
519,25
520,25
521,25
522,25
523,25
524,25
525,25
526,25
527,25
528,25
529,25
530,25
531,25
532,25
533,25
534,25
535,25
536,25
537,25
538,25
539,25
540,25
541,25
542,25
543,25
544,25
545,25
546,25
547,25
548,25
549,25
550,25
551,25
552,25
553,25
554,25
555,25
556,25
557,25
558,25
559,25
560,25
561,25
562,25
563,25
564,25
565,25
566,25
567,25
568,25
569,25
570,25
571,25
572,25
573,25
574,25
575,25
576,25
577,25
578,25
579,25
580,25
581,25
582,25
583,25
584,25
585,25
586,25
587,25
588,25
589,25
590,25
591,25
592,25
593,25
594,25
595,25
596,25
597,25
598,25
599,25
600,25
601,25
602,25
603,25
604,25
605,25
606,25
607,25
608,25
609,25
610,25
611,25
612,25
613,25
614,25
615,25
616,25
617,25
618,25
619,25
620,25
621,25
622,25
623,25
624,25
625,25
626,25
627,25
628,25
629,25
630,25
631,25
632,25
633,25
634,25
635,25
636,25
637,25
638,25
639,25
640,25
641,25
642,25
643,25
644,25
645,25
646,25
647,25
648,25
649,25
650,25
651,25
652,25
653,25
654,25
655,25
656,25
657,25
658,25
659,25
660,25
661,25
662,25
663,25
664,25
665,25
666,25
667,25
668,25
669,25
670,25
671,25
672,25
673,25
674,25
675,25
676,25
677,25
678,25
679,25
680,25
681,25
682,25
683,25
684,25
685,25
686,25
687,25
688,25
689,25
690,25
691,25
692,25
693,25
694,25
695,25
696,25
697,25
698,25
699,25
700,25
701,25
702,25
703,25
704,25
705,25
706,25
707,25
708,25
709,25
710,25
711,25
712,25
713,25
714,25
715,25
716,25
717,25
718,25
719,25
720,25
721,25
722,25
723,25
724,25
725,25
726,25
727,25
728,25
729,25
730,25
731,25
732,25
733,25
734,25
735,25
736,25
737,25
738,25
739,25
740,25
741,25
742,25
743,25
744,25
745,25
746,25
747,25
748,25
749,25
750,25
751,25
752,25
753,25
754,25
755,25
756,25
757,25
758,25
759,25
760,25
761,25
762,25
763,25
764,25
765,25
766,25
767,25
768,25
769,25
770,25
771,25
772,25
773,25
774,25
775,25
776,25
777,25
778,25
779,25
780,25
781,25
782,25
783,25
784,25
785,25
786,25
787,25
788,25
789,25
790,25
791,25
792,25
793,25
794,25
795,25
796,25
797,25
798,25
799,25
800,25
801,25
802,25
803,25
804,25
805,25
806,25
807,25
808,25
809,25
810,25
811,25
812,25
813,25
814,25
815,25
816,25
817,25
818,25
819,25
820,25
821,25
822,25
823,25
824,25
825,25
826,25
827,25
828,25
829,25
830,25
831,25
832,25
833,25
834,25
835,25
836,25
837,25
838,25
839,25
840,25
841,25
842,25
843,25
844,25
845,25
846,25
847,25
848,25
849,25
850,25
851,25
852,25
853,25
854,25
855,25
856,25
857,25
858,25
859,25
860,25
861,25
862,25
863,25
864,25
865,25
866,25
867,25
868,25
869,25
870,25
871,25
872,25
873,25
874,25
875,25
876,25
877,25
878,25
879,25
880,25
881,25
882,25
883,25
884,25
885,25
886,25
887,25
888,25
889,25
890,25
891,25
892,25
893,25
894,25
895,25
896,25
897,25
898,25
899,25
900,25
901,25
902,25
903,25
904,25
905,25
906,25
907,25
908,25
909,25
910,25
911,25
912,25
913,25
914,25
915,25
916,25
917,25
918,25
919,25
920,25
921,25
922,25
923,25
924,25
925,25
926,25
927,25
928,25
929,25
930,25
931,25
932,25
933,25
934,25
935,25
936,25
937,25
938,25
939,25
940,25
941,25
942,25
943,25
944,25
945,25
946,25
947,25
948,25
949,25
950,25
951,25
952,25
953,25
954,25
955,25
956,25
957,25
958,25
959,25
960,25
961,25
962,25
963,25
964,25
965,25
966,25
967,25
968,25
969,25
970,25
971,25
972,25
973,25
974,25
975,25
976,25
977,25
978,25
979,25
980,25
981,25
982,25
983,25
984,25
985,25
986,25
987,25
988,25
989,25
990,25
991,25
992,25
993,25
994,25
995,25
996,25
997,25
998,25
999,25
1000,25
1001,25
1002,25
1003,25
1004,25
1005,25
1006,25
1007,25
1008,25
1009,25
1010,25
1011,25
1012,25
1013,25
1014,25
1015,25
1016,25
1017,25
1018,25
1019,25
1020,25
1021,25
1022,25
1023,25
1024,25
1025,25
1026,25
1027,25
1028,25
1029,25
1030,25
1031,25
1032,25
1033,25
1034,25
1035,25
1036,25
1037,25
1038,25
1039,25
1040,25
1041,25
1042,25
1043,25
1044,25
1045,25
1046,25
1047,25
1048,25
1049,25
1050,25
1051,25
1052,25
1053,25
1054,25
1055,25
1056,25
1057,25
1058,25
1059,25
1060,25
1061,25
1062,25
1063,25
1064,25
1065,25
1066,25
1067,25
1068,25
1069,25
1070,25
1071,25
1072,25
1073,25
1074,25
1075,25
1076,25
1077,25
1078,25
1079,25
1080,25
1081,25
1082,25
1083,25
1084,25
1085,25
1086,25
1087,25
1088,25
1089,25
1090,25
1091,25
1092,25
1093,25
1094,25
1095,25
1096,25
1097,25
1098,25
1099,25
1100,25
1101,25
1102,25
1103,25
1104,25
1105,25
1106,25
1107,25
1108,25
1109,25
1110,25
1111,25
1112,25
1113,25
1114,25
1115,25
1116,25
1117,25
1118,25
1119,25
1120,25
1121,25
1122,25
1123,25
1124,25
1125,25
1126,25
1127,25
1128,25
1129,25
1130,25
1131,25
1132,25
1133,25
1134,25
1135,25
1136,25
1137,25
1138,25
1139,25
1140,25
1141,25
1142,25
1143,25
1144,25
1145,25
1146,25
1147,25
1148,25
1149,25
1150,25
1151,25
1152,25
1153,25
1154,25
1155,25
1156,25
1157,25
1158,25
1159,25
1160,25
1161,25
1162,25
1163,25
1164,25
1165,25
1166,25
1167,25
1168,25
1169,25
1170,25
1171,25
1172,25
1173,25
1174,25
1175,25
1176,25
1177,25
1178,25
1179,25
1180,25
1181,25
1182,25
1183,25
1184,25
1185,25
1186,25
1187,25
1188,25
1189,25
1190,25
1191,25
1192,25
1193,25
1194,25
1195,25
1196,25
1197,25
1198,25
1199,25
1200,25
1201,25
1202,25
1203,25
1204,25
1205,25
1206,25
1207,25
1208,25
1209,25
1210,25
1211,25
1212,25
1213,25
1214,25
1215,25
1216,25
1217,25
1218,25
1219,25
1220,25
1221,25
1222,25
1223,25
1224,25
1225,25
1226,25
1227,25
1228,25
1229,25
1230,25
1231,25
1232,25
1233,25
1234,25
1235,25
1236,25
1237,25
1238,25
1239,25
1240,25
1241,25
1242,25
1243,25
1244,25
1245,25
1246,25
1247,25
1248,25
1249,25
1250,25
1251,25
1252,25
1253,25
1254,25
1255,25
1256,25
1257,25
1258,25
1259,25
1260,25
1261,25
1262,25
1263,25
1264,25
1265,25
1266,25
1267,25
1268,25
1269,25
1270,25
1271,25
1272,25
1273,25
1274,25
1275,25
1276,25
1277,25
1278,25
1279,25
1280,25
1281,25
1282,25
1283,25
1284,25
1285,25
1286,25
1287,25
1288,25
1289,25
1290,25
1291,25
1292,25
1293,25
1294,25
1295,25
1296,25
1297,25
1298,25
1299,25
1300,25
1301,25
1302,25
1303,25
1304,25
1305,25
1306,25
1307,25
1308,25
1309,25
1310,25
1311,25
1312,25
1313,25
1314,25
1315,25
1316,25
1317,25
1318,25
1319,25
1320,25
1321,25
1322,25
1323,25
1324,25
1325,25
1326,25
1327,25
1328,25
1329,25
1330,25
1331,25
1332,25
1333,25
1334,25
1335,25
1336,25
1337,25
1338,25
1339,25
1340,25
1341,25
1342,25
1343,25
1344,25
1345,25
1346,25
1347,25
1348,25
1349,25
1350,25
1351,25
1352,25
1353,25
1354,25
1355,25
1356,25
1357,25
1358,25
1359,25
1360,25
1361,25
1362,25
1363,25
1364,25
1365,25
1366,25
1367,25
1368,25
1369,25
1370,25
1371,25
1372,25
1373,25
1374,25
1375,25
1376,25
1377,25
1378,25
1379,25
1380,25
1381,25
1382,25
1383,25
1384,25
1385,25
1386,25
1387,25
1388,25
1389,25
1390,25
1391,25
1392,25
1393,25
1394,25
1395,25
1396,25
1397,25
1398,25
1399,25
1400,25
1401,25
1402,25
1403,25
1404,25
1405,25
1406,25
1407,25
1408,25
1409,25
1410,25
1411,25
1412,25
1413,25
1414,25
1415,25
1416,25
1417,25
1418,25
1419,25
1420,25
1421,25
1422,25
1423,25
1424,25
1425,25
1426,25
1427,25
1428,25
1429,25
1430,25
1431,25
1432,25
1433,25
1434,25
1435,25
1436,25
1437,25
1438,25
1439,25
1440,25
1441,25
1442,25
1443,25
1444,25
1445,25
1446,25
1447,25
1448,25
1449,25
1450,25
1451,25
1452,25
1453,25
1454,25
1455,25
1456,25
1457,25
1458,25
1459,25
1460,25
1461,25
1462,25
1463,25
1464,25
1465,25
1466,25
1467,25
1468,25
1469,25
1470,25
1471,25
1472,25
1473,25
1474,25
1475,25
1476,25
1477,25
1478,25
1479,25
1480,25
1481,25
1482,25
1483,25
1484,25
1485,25
1486,25
1487,25
1488,25
1489,25
1490,25
1491,25
1492,25
1493,25
1494,25
1495,25
1496,25
1497,25
1498,25
1499,25
1500,25
1501,25
1502,25
1503,25
1504,25
1505,25
1506,25
1507,25
1508,25
1509,25
1510,25
1511,25
1512,25
1513,25
1514,25
1515,25
1516,25
1517,25
1518,25
1519,25
1520,25
1521,25
1522,25
1523,25
1524,25
1525,25
1526,25
1527,25
1528,25
1529,25
1530,25
1531,25
1532,25
1533,25
1534,25
1535,25
1536,25
1537,25
1538,25
1539,25
1540,25
1541,25
1542,25
1543,25
1544,25
1545,25
1546,25
1547,25
1548,25
1549,25
1550,25
1551,25
1552,25
1553,25
1554,25
1555,25
1556,25
1557,25
1558,25
1559,25
1560,25
1561,25
1562,25
1563,25
1564,25
1565,25
1566,25
1567,25
1568,25
1569,25
1570,25
1571,25
1572,25
1573,25
1574,25
1575,25
1576,25
1577,25
1578,25
1579,25
1580,25
1581,25
1582,25
1583,25
1584,25
1585,25
1586,25
1587,25
1588,25
1589,25
1590,25
1591,25
1592,25
1593,25
1594,25
1595,25
1596,25
1597,25
1598,25
1599,25
1600,25
1601,25
1602,25
1603,25
1604,25
1605,25
1606,25
1607,25
1608,25
1609,25
1610,25
1611,25
1612,25
1613,25
1614,25
1615,25
1616,25
1617,25
1618,25
1619,25
1620,25
1621,25
1622,25
1623,25
1624,25
1625,25
1626,25
1627,25
1628,25
1629,25
1630,25
1631,25
1632,25
1633,25
1634,25
1635,25
1636,25
1637,25
1638,25
1639,25
1640,25
1641,25
1642,25
1643,25
1644,25
1645,25
1646,25
1647,25
1648,25
1649,25
1650,25
1651,25
1652,25
1653,25
1654,25
1655,25
1656,25
1657,25
1658,25
1659,25
1660,25
1661,25
1662,25
1663,25
1664,25
1665,25
1666,25
1667,25
1668,25
1669,25
1670,25
1671,25
1672,25
1673,25
1674,25
1675,25
1676,25
1677,25
1678,25
1679,25
1680,25
1681,25
1682,25
1683,25
1684,25
1685,25
1686,25
1687,25
1688,25
1689,25
1690,25
1691,25
1692,25
1693,25
1694,25
1695,25
1696,25
1697,25
1698,25
1699,25
1700,25
1701,25
1702,25
1703,25
1704,25
1705,25
1706,25
1707,25
1708,25
1709,25
1710,25
1711,25
1712,25
1713,25
1714,25
1715,25
1716,25
1717,25
1718,25
1719,25
1720,25
1721,25
1722,25
1723,25
1724,25
1725,25
1726,25
1727,25
1728,25
1729,25
1730,25
1731,25
1732,25
1733,25
1734,25
1735,25
1736,25
1737,25
1738,25
1739,25
1740,25
1741,25
1742,25
1743,25
1744,25
1745,25
1746,25
1747,25
1748,25
1749,25
1750,25
1751,25
1752,25
1753,25
1754,25
1755,25
1756,25
1757,25
1758,25
1759,25
1760,25
1761,25
1762,25
1763,25
1764,25
1765,25
1766,25
1767,25
1768,25
1769,25
1770,25
1771,25
1772,25
1773,25
1774,25
1775,25
1776,25
1777,25
1778,25
1779,25
1780,25
1781,25
1782,25
1783,25
1784,25
1785,25
1786,25
1787,25
1788,25
1789,25
1790,25
1791,25
1792,25
1793,25
1794,25
1795,25
1796,25
1797,25
1798,25
1799,25
1800,25
1801,25
1802,25
1803,25
1804,25
1805,25
1806,25
1807,25
1808,25
1809,25
1810,25
1811,25
1812,25
1813,25
1814,25
1815,25
1816,25
1817,25
1818,25
1819,25
1820,25
1821,25
1822,25
1823,25
1824,25
1825,25
1826,25
1827,25
1828,25
1829,25
1830,25
1831,25
1832,25
1833,25
1834,25
1835,25
1836,25
1837,25
1838,25
1839,25
1840,25
1841,25
1842,25
1843,25
1844,25
1845,25
1846,25
1847,25
1848,25
1849,25
1850,25
1851,25
1852,25
1853,25
1854,25
1855,25
1856,25
1857,25
1858,25
1859,25
1860,25
1861,25
1862,25
1863,25
1864,25
1865,25
1866,25
1867,25
1868,25
1869,25
1870,25
1871,25
1872,25
1873,25
1874,25
1875,25
1876,25
1877,25
1878,25
1879,25
1880,25
1881,25
1882,25
1883,25
1884,25
1885,25
1886,25
1887,25
1888,25
1889,25
1890,25
1891,25
1892,25
1893,25
1894,25
1895,25
1896,25
1897,25
1898,25
1899,25
1900,25
1901,25
1902,25
1903,25
1904,25
1905,25
1906,25
1907,25
1908,25
1909,25
1910,25
1911,25
1912,25
1913,25
1914,25
1915,25
1916,25
1917,25
1918,25
1919,25
1920,25
1921,25
1922,25
1923,25
1924,25
1925,25
1926,25
1927,25
1928,25
1929,25
1930,25
1931,25
1932,25
1933,25
1934,25
1935,25
1936,25
1937,25
1938,25
1939,25
1940,25
1941,25
1942,25
1943,25
1944,25
1945,25
1946,25
1947,25
1948,25
1949,25
1950,25
1951,25
1952,25
1953,25
1954,25
1955,25
1956,25
1957,25
1958,25
1959,25
1960,25
1961,25
1962,25
1963,25
1964,25
1965,25
1966,25
1967,25
1968,25
1969,25
1970,25
1971,25
1972,25
1973,25
1974,25
1975,25
1976,25
1977,25
1978,25
1979,25
1980,25
1981,25
1982,25
1983,25
1984,25
1985,25
1986,25
1987,25
1988,25
1989,25
1990,25
1991,25
1992,25
1993,25
1994,25
1995,25
1996,25
1997,25
1998,25
1999,25
2000,25
2001,25
2002,25
2003,25
2004,25
2005,25
2006,25
2007,25
2008,25
2009,25
2010,25
2011,25
2012,25
2013,25
2014,25
2015,25
2016,25
2017,25
2018,25
2019,25
2020,25
2021,25
2022,25
2023,25
2024,25
2025,25
2026,25
2027,25
2028,25
2029,25
2030,25
2031,25
2032,25
2033,25
2034,25
2035,25
2036,25
2037,25
2038,25
2039,25
2040,25
2041,25
2042,25
2043,25
2044,25
2045,25
2046,25
2047,25
2048,25
2049,25
2050,25
2051,25
2052,25
2053,25
2054,25
2055,25
2056,25
2057,25
2058,25
2059,25
2060,25
2061,25
2062,25
2063,25
2064,25
2065,25
2066,25
2067,25
2068,25
2069,25
2070,25
2071,25
2072,25
2073,25
2074,25
2075,25
2076,25
2077,25
2078,25
2079,25
2080,25
2081,25
2082,25
2083,25
2084,25
2085,25
2086,25
2087,25
2088,25
2089,25
2090,25
2091,25
2092,25
2093,25
2094,25
2095,25
2096,25
2097,25
2098,25
2099,25
2100,25
2101,25
2102,25
2103,25
2104,25
2105,25
2106,25
2107,25
2108,25
2109,25
2110,25
2111,25
2112,25
2113,25
2114,25
2115,25
2116,25
2117,25
2118,25
2119,25
2120,25
2121,25
2122,25
2123,25
2124,25
2125,25
2126,25
2127,25
2128,25
2129,25
2130,25
2131,25
2132,25
2133,25
2134,25
2135,25
2136,25
2137,25
2138,25
2139,25
2140,25
2141,25
2142,25
2143,25
2144,25
2145,25
2146,25
2147,25
2148,25
2149,25
2150,25
2151,25
2152,25
2153,25
2154,25
2155,25
2156,25
2157,25
2158,25
2159,25
2160,25
2161,25
2162,25
2163,25
2164,25
2165,25
2166,25
2167,25
2168,25
2169,25
2170,25
2171,25
2172,25
2173,25
2174,25
2175,25
2176,25
2177,25
2178,25
2179,25
2180,25
2181,25
2182,25
2183,25
2184,25
2185,25
2186,25
2187,25
2188,25
2189,25
2190,25
2191,25
2192,25
2193,25
2194,25
2195,25
2196,25
2197,25
2198,25
2199,25
2200,25
2201,25
2202,25
2203,25
2204,25
2205,25
2206,25
2207,25
2208,25
2209,25
2210,25
2211,25
2212,25
2213,25
2214,25
2215,25
2216,25
2217,25
2218,25
2219,25
2220,25
2221,25
2222,25
2223,25
2224,25
2225,25
2226,25
2227,25
2228,25
2229,25
2230,25
2231,25
2232,25
2233,25
2234,25
2235,25
2236,25
2237,25
2238,25
2239,25
2240,25
2241,25
2242,25
2243,25
2244,25
2245,25
2246,25
2247,25
2248,25
2249,25
2250,25
2251,25
2252,25
2253,25
2254,25
2255,25
2256,25
2257,25
2258,25
2259,25
2260,25
2261,25
2262,25
2263,25
2264,25
2265,25
2266,25
2267,25
2268,25
2269,25
2270,25
2271,25
2272,25
2273,25
2274,25
2275,25
2276,25
2277,25
2278,25
2279,25
2280,25
2281,25
2282,25
2283,25
2284,25
2285,25
2286,25
2287,25
2288,25
2289,25
2290,25
2291,25
2292,25
2293,25
2294,25
2295,25
2296,25
2297,25
2298,25
2299,25
2300,25
2301,25
2302,25
2303,25
2304,25
2305,25
2306,25
2307,25
2308,25
2309,25
2310,25
2311,25
2312,25
2313,25
2314,25
2315,25
2316,25
2317,25
2318,25
2319,25
2320,25
2321,25
2322,25
2323,25
2324,25
2325,25
2326,25
2327,25
2328,25
2329,25
2330,25
2331,25
2332,25
2333,25
2334,25
2335,25
2336,25
2337,25
2338,25
2339,25
2340,25
2341,25
2342,25
2343,25
2344,25
2345,25
2346,25
2347,25
2348,25
2349,25
2350,25
2351,25
2352,25
2353,25
2354,25
2355,25
2356,25
2357,25
2358,25
2359,25
2360,25
2361,25
2362,25
2363,25
2364,25
2365,25
2366,25
2367,25
2368,25
2369,25
2370,25
2371,25
2372,25
2373,25
2374,25
2375,25
2376,25
2377,25
2378,25
2379,25
2380,25
2381,25
2382,25
2383,25
2384,25
2385,25
2386,25
2387,25
2388,25
2389,25
2390,25
2391,25
2392,25
2393,25
2394,25
2395,25
2396,25
2397,25
2398,25
2399,25
2400,25
2401,25
2402,25
2403,25
2404,25
2405,25
2406,25
2407,25
2408,25
2409,25
2410,25
2411,25
2412,25
2413,25
2414,25
2415,25
2416,25
2417,25
2418,25
2419,25
2420,25
2421,25
2422,25
2423,25
2424,25
2425,25
2426,25
2427,25
2428,25
2429,25
2430,25
2431,25
2432,25
2433,25
2434,25
2435,25
2436,25
2437,25
2438,25
2439,25
2440,25
2441,25
2442,25
2443,25
2444,25
2445,25
2446,25
2447,25
2448,25
2449,25
2450,25
2451,25
2452,25
2453,25
2454,25
2455,25
2456,25
2457,25
2458,25
2459,25
2460,25
2461,25
2462,25
2463,25
2464,25
2465,25
2466,25
2467,25
2468,25
2469,25
2470,25
2471,25
2472,25
2473,25
2474,25
2475,25
2476,25
2477,25
2478,25
2479,25
2480,25
2481,25
2482,25
2483,25
2484,25
2485,25
2486,25
2487,25
2488,25
2489,25
2490,25
2491,25
2492,25
2493,25
2494,25
2495,25
2496,25
2497,25
2498,25
2499,25
2500,25
2501,25
2502,25
2503,25
2504,25
2505,25
2506,25
2507,25
2508,25
2509,25
2510,25
2511,25
2512,25
2513,25
2514,25
2515,25
2516,25
2517,25
2518,25
2519,25
2520,25
2521,25
2522,25
2523,25
2524,25
2525,25
2526,25
2527,25
2528,25
2529,25
2530,25
2531,25
2532,25
2533,25
2534,25
2535,25
2536,25
2537,25
2538,25
2539,25
2540,25
2541,25
2542,25
2543,25
2544,25
2545,25
2546,25
2547,25
2548,25
2549,25
2550,25
2551,25
2552,25
2553,25
2554,25
2555,25
2556,25
2557,25
2558,25
2559,25
2560,25
2561,25
2562,25
2563,25
2564,25
2565,25
2566,25
2567,25
2568,25
2569,25
2570,25
2571,25
2572,25
2573,25
2574,25
2575,25
2576,25
2577,25
2578,25
2579,25
2580,25
2581,25
2582,25
2583,25
2584,25
2585,25
2586,25
2587,25
2588,25
2589,25
2590,25
2591,25
2592,25
2593,25
2594,25
2595,25
2596,25
2597,25
2598,25
2599,25
2600,25
2601,25
2602,25
2603,25
2604,25
2605,25
2606,25
2607,25
2608,25
2609,25
2610,25
2611,25
2612,25
2613,25
2614,25
2615,25
2616,25
2617,25
2618,25
2619,25
2620,25
2621,25
2622,25
2623,25
2624,25
2625,25
2626,25
2627,25
2628,25
2629,25
2630,25
2631,25
2632,25
2633,25
2634,25
2635,25
2636,25
2637,25
2638,25
2639,25
2640,25
2641,25
2642,25
2643,25
2644,25
2645,25
2646,25
2647,25
2648,25
2649,25
2650,25
2651,25
2652,25
2653,25
2654,25
2655,25
2656,25
2657,25
2658,25
2659,25
2660,25
2661,25
2662,25
2663,25
2664,25
2665,25
2666,25
2667,25
2668,25
2669,25
2670,25
2671,25
2672,25
2673,25
2674,25
2675,25
2676,25
2677,25
2678,25
2679,25
2680,25
2681,25
2682,25
2683,25
2684,25
2685,25
2686,25
2687,25
2688,25
2689,25
2690,25
2691,25
2692,25
2693,25
2694,25
2695,25
2696,25
2697,25
2698,25
2699,25
2700,25
2701,25
2702,25
2703,25
2704,25
2705,25
2706,25
2707,25
2708,25
2709,25
2710,25
2711,25
2712,25
2713,25
2714,25
2715,25
2716,25
2717,25
2718,25
2719,25
2720,25
2721,25
2722,25
2723,25
2724,25
2725,25
2726,25
2727,25
2728,25
2729,25
2730,25
2731,25
2732,25
2733,25
2734,25
2735,25
2736,25
2737,25
2738,25
2739,25
2740,25
2741,25
2742,25
2743,25
2744,25
2745,25
2746,25
2747,25
2748,25
2749,25
2750,25
2751,25
2752,25
2753,25
2754,25
2755,25
2756,25
2757,25
2758,25
2759,25
2760,25
2761,25
2762,25
2763,25
2764,25
2765,25
2766,25
2767,25
2768,25
2769,25
2770,25
2771,25
2772,25
2773,25
2774,25
2775,25
2776,25
2777,25
2778,25
2779,25
2780,25
2781,25
2782,25
2783,25
2784,25
2785,25
2786,25
2787,25
2788,25
2789,25
2790,25
2791,25
2792,25
2793,25
2794,25
2795,25
2796,25
2797,25
2798,25
2799,25
2800,25
2801,25
2802,25
2803,25
2804,25
2805,25
2806,25
2807,25
2808,25
2809,25
2810,25
2811,25
2812,25
2813,25
2814,25
2815,25
2816,25
2817,25
2818,25
2819,25
2820,25
2821,25
2822,25
2823,25
2824,25
2825,25
2826,25
2827,25
2828,25
2829,25
2830,25
2831,25
2832,25
2833,25
2834,25
2835,25
2836,25
2837,25
2838,25
2839,25
2840,25
2841,25
2842,25
2843,25
2844,25
2845,25
2846,25
2847,25
2848,25
2849,25
2850,25
2851,25
2852,25
2853,25
2854,25
2855,25
2856,25
2857,25
2858,25
2859,25
2860,25
2861,25
2862,25
2863,25
2864,25
2865,25
2866,25
2867,25
2868,25
2869,25
2870,25
2871,25
2872,25
2873,25
2874,25
2875,25
2876,25
2877,25
2878,25
2879,25
2880,25
2881,25
2882,25
2883,25
2884,25
2885,25
2886,25
2887,25
2888,25
2889,25
2890,25
2891,25
2892,25
2893,25
2894,25
2895,25
2896,25
2897,25
2898,25
2899,25
2900,25
2901,25
2902,25
2903,25
2904,25
2905,25
2906,25
2907,25
2908,25
2909,25
2910,25
2911,25
2912,25
2913,25
2914,25
2915,25
2916,25
2917,25
2918,25
2919,25
2920,25
2921,25
2922,25
2923,25
2924,25
2925,25
2926,25
2927,25
2928,25
2929,25
2930,25
2931,25
2932,25
2933,25
2934,25
2935,25
2936,25
2937,25
2938,25
2939,25
2940,25
2941,25
2942,25
2943,25
2944,25
2945,25
2946,25
2947,25
2948,25
2949,25
2950,25
2951,25
2952,25
2953,25
2954,25
2955,25
2956,25
2957,25
2958,25
2959,25
2960,25
2961,25
2962,25
2963,25
2964,25
2965,25
2966,25
2967,25
2968,25
2969,25
2970,25
2971,25
2972,25
2973,25
2974,25
2975,25
2976,25
2977,25
2978,25
2979,25
2980,25
2981,25
2982,25
2983,25
2984,25
2985,25
2986,25
2987,25
2988,25
2989,25
2990,25
2991,25
2992,25
2993,25
2994,25
2995,25
2996,25
2997,25
2998,25
2999,25
3000,25
3001,25
3002,25
3003,25
3004,25
3005,25
3006,25
3007,25
3008,25
3009,25
3010,25
3011,25
3012,25
3013,25
3014,25
3015,25
3016,25
3017,25
3018,25
3019,25
3020,25
3021,25
3022,25
3023,25
3024,25
3025,25
3026,25
3027,25
3028,25
3029,25
3030,25
3031,25
3032,25
3033,25
3034,25
3035,25
3036,25
3037,25
3038,25
3039,25
3040,25
3041,25
3042,25
3043,25
3044,25
3045,25
3046,25
3047,25
3048,25
3049,25
3050,25
3051,25
3052,25
3053,25
3054,25
3055,25
3056,25
3057,25
3058,25
3059,25
3060,25
3061,25
3062,25
3063,25
3064,25
3065,25
3066,25
3067,25
3068,25
3069,25
3070,25
3071,25
3072,25
3073,25
3074,25
3075,25
3076,25
3077,25
3078,25
3079,25
3080,25
3081,25
3082,25
3083,25
3084,25
3085,25
3086,25
3087,25
3088,25
3089,25
3090,25
3091,25
3092,25
3093,25
3094,25
3095,25
3096,25
3097,25
3098,25
3099,25
3100,25
3101,25
3102,25
3103,25
3104,25
3105,25
3106,25
3107,25
3108,25
3109,25
3110,25
3111,25
3112,25
3113,25
3114,25
3115,25
3116,25
3117,25
3118,25
3119,25
3120,25
3121,25
3122,25
3123,25
3124,25
3125,25
3126,25
3127,25
3128,25
3129,25
3130,25
3131,25
3132,25
3133,25
3134,25
3135,25
3136,25
3137,25
3138,25
3139,25
3140,25
3141,25
3142,25
3143,25
3144,25
3145,25
3146,25
3147,25
3148,25
3149,25
3150,25
3151,25
3152,25
3153,25
3154,25
3155,25
3156,25
3157,25
3158,25
3159,25
3160,25
3161,25
3162,25
3163,25
3164,25
3165,25
3166,25
3167,25
3168,25
3169,25
3170,25
3171,25
3172,25
3173,25
3174,25
3175,25
3176,25
3177,25
3178,25
3179,25
3180,25
3181,25
3182,25
3183,25
3184,25
3185,25
3186,25
3187,25
3188,25
3189,25
3190,25
3191,25
3192,25
3193,25
3194,25
3195,25
3196,25
3197,25
3198,25
3199,25
3200,25
3201,25
3202,25
3203,25
3204,25
3205,25
3206,25
3207,25
3208,25
3209,25
3210,25
3211,25
3212,25
3213,25
3214,25
3215,25
3216,25
3217,25
3218,25
3219,25
3220,25
3221,25
3222,25
3223,25
3224,25
3225,25
3226,25
3227,25
3228,25
3229,25
3230,25
3231,25
3232,25
3233,25
3234,25
3235,25
3236,25
3237,25
3238,25
3239,25
3240,25
3241,25
3242,25
3243,25
3244,25
3245,25
3246,25
3247,25
3248,25
3249,25
3250,25
3251,25
3252,25
3253,25
3254,25
3255,25
3256,25
3257,25
3258,25
3259,25
3260,25
3261,25
3262,25
3263,25
3264,25
3265,25
3266,25
3267,25
3268,25
3269,25
3270,25
3271,25
3272,25
3273,25
3274,25
3275,25
3276,25
3277,25
3278,25
3279,25
3280,25
3281,25
3282,25
3283,25
3284,25
3285,25
3286,25
3287,25
3288,25
3289,25
3290,25
3291,25
3292,25
3293,25
3294,25
3295,25
3296,25
3297,25
3298,25
3299,25
3300,25
3301,25
3302,25
3303,25
3304,25
3305,25
3306,25
3307,25
3308,25
3309,25
3310,25
3311,25
3312,25
3313,25
3314,25
3315,25
3316,25
3317,25
3318,25
3319,25
3320,25
3321,25
3322,25
3323,25
3324,25
3325,25
3326,25
3327,25
3328,25
3329,25
3330,25
3331,25
3332,25
3333,25
3334,25
3335,25
3336,25
3337,25
3338,25
3339,25
3340,25
3341,25
3342,25
3343,25
3344,25
3345,25
3346,25
3347,25
3348,25
3349,25
3350,25
3351,25
3352,25
3353,25
3354,25
3355,25
3356,25
3357,25
3358,25
3359,25
3360,25
3361,25
3362,25
3363,25
3364,25
3365,25
3366,25
3367,25
3368,25
3369,25
3370,25
3371,25
3372,25
3373,25
3374,25
3375,25
3376,25
3377,25
3378,25
3379,25
3380,25
3381,25
3382,25
3383,25
3384,25
3385,25
3386,25
3387,25
3388,25
3389,25
3390,25
3391,25
3392,25
3393,25
3394,25
3395,25
3396,25
3397,25
3398,25
3399,25
3400,25
3401,25
3402,25
3403,25
3404,25
3405,25
3406,25
3407,25
3408,25
3409,25
3410,25
3411,25
3412,25
3413,25
3414,25
3415,25
3416,25
3417,25
3418,25
3419,25
3420,25
3421,25
3422,25
3423,25
3424,25
3425,25
3426,25
3427,25
3428,25
3429,25
3430,25
3431,25
3432,25
3433,25
3434,25
3435,25
3436,25
3437,25
3438,25
3439,25
3440,25
3441,25
3442,25
3443,25
3444,25
3445,25
3446,25
3447,25
3448,25
3449,25
3450,25
3451,25
3452,25
3453,25
3454,25
3455,25
3456,25
3457,25
3458,25
3459,25
3460,25
3461,25
3462,25
3463,25
3464,25
3465,25
3466,25
3467,25
3468,25
3469,25
3470,25
3471,25
3472,25
3473,25
3474,25
3475,25
3476,25
3477,25
3478,25
3479,25
3480,25
3481,25
3482,25
3483,25
3484,25
3485,25
3486,25
3487,25
3488,25
3489,25
3490,25
3491,25
3492,25
3493,25
3494,25
3495,25
3496,25
3497,25
3498,25
3499,25
3500,25
3501,25
3502,25
3503,25
3504,25
3505,25
3506,25
3507,25
3508,25
3509,25
3510,25
3511,25
3512,25
3513,25
3514,25
3515,25
3516,25
3517,25
3518,25
3519,25
3520,25
3521,25
3522,25
3523,25
3524,25
3525,25
3526,25
3527,25
3528,25
3529,25
3530,25
3531,25
3532,25
3533,25
3534,25
3535,25
3536,25
3537,25
3538,25
3539,25
3540,25
3541,25
3542,25
3543,25
3544,25
3545,25
3546,25
3547,25
3548,25
3549,25
3550,25
3551,25
3552,25
3553,25
3554,25
3555,25
3556,25
3557,25
3558,25
3559,25
3560,25
3561,25
3562,25
3563,25
3564,25
3565,25
3566,25
3567,25
3568,25
3569,25
3570,25
3571,25
3572,25
3573,25
3574,25
3575,25
3576,25
3577,25
3578,25
3579,25
3580,25
3581,25
3582,25
3583,25
3584,25
3585,25
3586,25
3587,25
3588,25
3589,25
3590,25
3591,25
3592,25
3593,25
3594,25
3595,25
3596,25
3597,25
3598,25
3599,25
3600,25
3601,25
3602,25
3603,25
3604,25
3605,25
3606,25
3607,25
3608,25
3609,25
3610,25
3611,25
3612,25
3613,25
3614,25
3615,25
3616,25
3617,25
3618,25
3619,25
3620,25
3621,25
3622,25
3623,25
3624,25
3625,25
3626,25
3627,25
3628,25
3629,25
3630,25
3631,25
3632,25
3633,25
3634,25
3635,25
3636,25
3637,25
3638,25
3639,25
3640,25
3641,25
3642,25
3643,25
3644,25
3645,25
3646,25
3647,25
3648,25
3649,25
3650,25
3651,25
3652,25
3653,25
3654,25
3655,25
3656,25
3657,25
3658,25
3659,25
3660,25
3661,25
3662,25
3663,25
3664,25
3665,25
3666,25
3667,25
3668,25
3669,25
3670,25
3671,25
3672,25
3673,25
3674,25
3675,25
3676,25
3677,25
3678,25
3679,25
3680,25
3681,25
3682,25
3683,25
3684,25
3685,25
3686,25
3687,25
3688,25
3689,25
3690,25
3691,25
3692,25
3693,25
3694,25
3695,25
3696,25
3697,25
3698,25
3699,25
3700,25
3701,25
3702,25
3703,25
3704,25
3705,25
3706,25
3707,25
3708,25
3709,25
3710,25
3711,25
3712,25
3713,25
3714,25
3715,25
3716,25
3717,25
3718,25
3719,25
3720,25
3721,25
3722,25
3723,25
3724,25
3725,25
3726,25
3727,25
3728,25
3729,25
3730,25
3731,25
3732,25
3733,25
3734,25
3735,25
3736,25
3737,25
3738,25
3739,25
3740,25
3741,25
3742,25
3743,25
3744,25
3745,25
3746,25
3747,25
3748,25
3749,25
3750,25
3751,25
3752,25
3753,25
3754,25
3755,25
3756,25
3757,25
3758,25
3759,25
3760,25
3761,25
3762,25
3763,25
3764,25
3765,25
3766,25
3767,25
3768,25
3769,25
3770,25
3771,25
3772,25
3773,25
3774,25
3775,25
3776,25
3777,25
3778,25
3779,25
3780,25
3781,25
3782,25
3783,25
3784,25
3785,25
3786,25
3787,25
3788,25
3789,25
3790,25
3791,25
3792,25
3793,25
3794,25
3795,25
3796,25
3797,25
3798,25
3799,25
3800,25
3801,25
3802,25
3803,25
3804,25
3805,25
3806,25
3807,25
3808,25
3809,25
3810,25
3811,25
3812,25
3813,25
3814,25
3815,25
3816,25
3817,25
3818,25
3819,25
3820,25
3821,25
3822,25
3823,25
3824,25
3825,25
3826,25
3827,25
3828,25
3829,25
3830,25
3831,25
3832,25
3833,25
3834,25
3835,25
3836,25
3837,25
3838,25
3839,25
3840,25
3841,25
3842,25
3843,25
3844,25
3845,25
3846,25
3847,25
3848,25
3849,25
3850,25
3851,25
3852,25
3853,25
3854,25
3855,25
3856,25
3857,25
3858,25
3859,25
3860,25
3861,25
3862,25
3863,25
3864,25
3865,25
3866,25
3867,25
3868,25
3869,25
3870,25
3871,25
3872,25
3873,25
3874,25
3875,25
3876,25
3877,25
3878,25
3879,25
3880,25
3881,25
3882,25
3883,25
3884,25
3885,25
3886,25
3887,25
3888,25
3889,25
3890,25
3891,25
3892,25
3893,25
3894,25
3895,25
3896,25
3897,25
3898,25
3899,25
3900,25
3901,25
3902,25
3903,25
3904,25
3905,25
3906,25
3907,25
3908,25
3909,25
3910,25
3911,25
3912,25
3913,25
3914,25
3915,25
3916,25
3917,25
3918,25
3919,25
3920,25
3921,25
3922,25
3923,25
3924,25
3925,25
3926,25
3927,25
3928,25
3929,25
3930,25
3931,25
3932,25
3933,25
3934,25
3935,25
3936,25
3937,25
3938,25
3939,25
3940,25
3941,25
3942,25
3943,25
3944,25
3945,25
3946,25
3947,25
3948,25
3949,25
3950,25
3951,25
3952,25
3953,25
3954,25
3955,25
3956,25
3957,25
3958,25
3959,25
3960,25
3961,25
3962,25
3963,25
3964,25
3965,25
3966,25
3967,25
3968,25
3969,25
3970,25
3971,25
3972,25
3973,25
3974,25
3975,25
3976,25
3977,25
3978,25
3979,25
3980,25
3981,25
3982,25
3983,25
3984,25
3985,25
3986,25
3987,25
3988,25
3989,25
3990,25
3991,25
3992,25
3993,25
3994,25
3995,25
3996,25
3997,25
3998,25
3999,25
4000,25
4001,25
4002,25
4003,25
4004,25
4005,25
4006,25
4007,25
4008,25
4009,25
4010,25
4011,25
4012,25
4013,25
4014,25
4015,25
4016,25
4017,25
4018,25
4019,25
4020,25
4021,25
4022,25
4023,25
4024,25
4025,25
4026,25
4027,25
4028,25
4029,25
4030,25
4031,25
4032,25
4033,25
4034,25
4035,25
4036,25
4037,25
4038,25
4039,25
4040,25
4041,25
4042,25
4043,25
4044,25
4045,25
4046,25
4047,25
4048,25
4049,25
4050,25
4051,25
4052,25
4053,25
4054,25
4055,25
4056,25
4057,25
4058,25
4059,25
4060,25
4061,25
4062,25
4063,25
4064,25
4065,25
4066,25
4067,25
4068,25
4069,25
4070,25
4071,25
4072,25
4073,25
4074,25
4075,25
4076,25
4077,25
4078,25
4079,25
4080,25
4081,25
4082,25
4083,25
4084,25
4085,25
4086,25
4087,25
4088,25
4089,25
4090,25
4091,25
4092,25
4093,25
4094,25
4095,25
4096,25
4097,25
4098,25
4099,25
4100,25
4101,25
4102,25
4103,25
4104,25
4105,25
4106,25
4107,25
4108,25
4109,25
4110,25
4111,25
4112,25
4113,25
4114,25
4115,25
4116,25
4117,25
4118,25
4119,25
4120,25
4121,25
4122,25
4123,25
4124,25
4125,25
4126,25
4127,25
4128,25
4129,25
4130,25
4131,25
4132,25
4133,25
4134,25
4135,25
4136,25
4137,25
4138,25
4139,25
4140,25
4141,25
4142,25
4143,25
4144,25
4145,25
4146,25
4147,25
4148,25
4149,25
4150,25
4151,25
4152,25
4153,25
4154,25
4155,25
4156,25
4157,25
4158,25
4159,25
4160,25
4161,25
4162,25
4163,25
4164,25
4165,25
4166,25
4167,25
4168,25
4169,25
4170,25
4171,25
4172,25
4173,25
4174,25
4175,25
4176,25
4177,25
4178,25
4179,25
4180,25
4181,25
4182,25
4183,25
4184,25
4185,25
4186,25
4187,25
4188,25
4189,25
4190,25
4191,25
4192,25
4193,25
4194,25
4195,25
4196,25
4197,25
4198,25
4199,25
4200,25
4201,25
4202,25
4203,25
4204,25
4205,25
4206,25
4207,25
4208,25
4209,25
4210,25
4211,25
4212,25
4213,25
4214,25
4215,25
4216,25
4217,25
4218,25
4219,25
4220,25
4221,25
4222,25
4223,25
4224,25
4225,25
4226,25
4227,25
4228,25
4229,25
4230,25
4231,25
4232,25
4233,25
4234,25
4235,25
4236,25
4237,25
4238,25
4239,25
4240,25
4241,25
4242,25
4243,25
4244,25
4245,25
4246,25
4247,25
4248,25
4249,25
4250,25
4251,25
4252,25
4253,25
4254,25
4255,25
4256,25
4257,25
4258,25
4259,25
4260,25
4261,25
4262,25
4263,25
4264,25
4265,25
4266,25
4267,25
4268,25
4269,25
4270,25
4271,25
4272,25
4273,25
4274,25
4275,25
4276,25
4277,25
4278,25
4279,25
4280,25
4281,25
4282,25
4283,25
4284,25
4285,25
4286,25
4287,25
4288,25
4289,25
4290,25
4291,25
4292,25
4293,25
4294,25
4295,25
4296,25
4297,25
4298,25
4299,25
4300,25
4301,25
4302,25
4303,25
4304,25
4305,25
4306,25
4307,25
4308,25
4309,25
4310,25
4311,25
4312,25
4313,25
4314,25
4315,25
4316,25
4317,25
4318,25
4319,25
4320,25
4321,25
4322,25
4323,25
4324,25
4325,25
4326,25
4327,25
4328,25
4329,25
4330,25
4331,25
4332,25
4333,25
4334,25
4335,25
4336,25
4337,25
4338,25
4339,25
4340,25
4341,25
4342,25
4343,25
4344,25
4345,25
4346,25
4347,25
4348,25
4349,25
4350,25
4351,25
4352,25
4353,25
4354,25
4355,25
4356,25
4357,25
4358,25
4359,25
4360,25
4361,25
4362,25
4363,25
4364,25
4365,25
4366,25
4367,25
4368,25
4369,25
4370,25
4371,25
4372,25
4373,25
4374,25
4375,25
4376,25
4377,25
4378,25
4379,25
4380,25
4381,25
4382,25
4383,25
4384,25
4385,25
4386,25
4387,25
4388,25
4389,25
4390,25
4391,25
4392,25
4393,25
4394,25
4395,25
4396,25
4397,25
4398,25
4399,25
4400,25
4401,25
4402,25
4403,25
4404,25
4405,25
4406,25
4407,25
4408,25
4409,25
4410,25
4411,25
4412,25
4413,25
4414,25
4415,25
4416,25
4417,25
4418,25
4419,25
4420,25
4421,25
4422,25
4423,25
4424,25
4425,25
4426,25
4427,25
4428,25
4429,25
4430,25
4431,25
4432,25
4433,25
4434,25
4435,25
4436,25
4437,25
4438,25
4439,25
4440,25
4441,25
4442,25
4443,25
4444,25
4445,25
4446,25
4447,25
4448,25
4449,25
4450,25
4451,25
4452,25
4453,25
4454,25
4455,25
4456,25
4457,25
4458,25
4459,25
4460,25
4461,25
4462,25
4463,25
4464,25
4465,25
4466,25
4467,25
4468,25
4469,25
4470,25
4471,25
4472,25
4473,25
4474,25
4475,25
4476,25
4477,25
4478,25
4479,25
4480,25
4481,25
4482,25
4483,25
4484,25
4485,25
4486,25
4487,25
4488,25
4489,25
4490,25
4491,25
4492,25
4493,25
4494,25
4495,25
4496,25
4497,25
4498,25
4499,25
4500,25
4501,25
4502,25
4503,25
4504,25
4505,25
4506,25
4507,25
4508,25
4509,25
4510,25
4511,25
4512,25
4513,25
4514,25
4515,25
4516,25
4517,25
4518,25
4519,25
4520,25
4521,25
4522,25
4523,25
4524,25
4525,25
4526,25
4527,25
4528,25
4529,25
4530,25
4531,25
4532,25
4533,25
4534,25
4535,25
4536,25
4537,25
4538,25
4539,25
4540,25
4541,25
4542,25
4543,25
4544,25
4545,25
4546,25
4547,25
4548,25
4549,25
4550,25
4551,25
4552,25
4553,25
4554,25
4555,25
4556,25
4557,25
4558,25
4559,25
4560,25
4561,25
4562,25
4563,25
4564,25
4565,25
4566,25
4567,25
4568,25
4569,25
4570,25
4571,25
4572,25
4573,25
4574,25
4575,25
4576,25
4577,25
4578,25
4579,25
4580,25
4581,25
4582,25
4583,25
4584,25
4585,25
4586,25
4587,25
4588,25
4589,25
4590,25
4591,25
4592,25
4593,25
4594,25
4595,25
4596,25
4597,25
4598,25
4599,25
4600,25
4601,25
4602,25
4603,25
4604,25
4605,25
4606,25
4607,25
4608,25
4609,25
4610,25
4611,25
4612,25
4613,25
4614,25
4615,25
4616,25
4617,25
4618,25
4619,25
4620,25
4621,25
4622,25
4623,25
4624,25
4625,25
4626,25
4627,25
4628,25
4629,25
4630,25
4631,25
4632,25
4633,25
4634,25
4635,25
4636,25
4637,25
4638,25
4639,25
4640,25
4641,25
4642,25
4643,25
4644,25
4645,25
4646,25
4647,25
4648,25
4649,25
4650,25
4651,25
4652,25
4653,25
4654,25
4655,25
4656,25
4657,25
4658,25
4659,25
4660,25
4661,25
4662,25
4663,25
4664,25
4665,25
4666,25
4667,25
4668,25
4669,25
4670,25
4671,25
4672,25
4673,25
4674,25
4675,25
4676,25
4677,25
4678,25
4679,25
4680,25
4681,25
4682,25
4683,25
4684,25
4685,25
4686,25
4687,25
4688,25
4689,25
4690,25
4691,25
4692,25
4693,25
4694,25
4695,25
4696,25
4697,25
4698,25
4699,25
4700,25
4701,25
4702,25
4703,25
4704,25
4705,25
4706,25
4707,25
4708,25
4709,25
4710,25
4711,25
4712,25
4713,25
4714,25
4715,25
4716,25
4717,25
4718,25
4719,25
4720,25
4721,25
4722,25
4723,25
4724,25
4725,25
4726,25
4727,25
4728,25
4729,25
4730,25
4731,25
4732,25
4733,25
4734,25
4735,25
4736,25
4737,25
4738,25
4739,25
4740,25
4741,25
4742,25
4743,25
4744,25
4745,25
4746,25
4747,25
4748,25
4749,25
4750,25
4751,25
4752,25
4753,25
4754,25
4755,25
4756,25
4757,25
4758,25
4759,25
4760,25
4761,25
4762,25
4763,25
4764,25
4765,25
4766,25
4767,25
4768,25
4769,25
4770,25
4771,25
4772,25
4773,25
4774,25
4775,25
4776,25
4777,25
4778,25
4779,25
4780,25
4781,25
4782,25
4783,25
4784,25
4785,25
4786,25
4787,25
4788,25
4789,25
4790,25
4791,25
4792,25
4793,25
4794,25
4795,25
4796,25
4797,25
4798,25
4799,25
4800,25
4801,25
4802,25
4803,25
4804,25
4805,25
4806,25
4807,25
4808,25
4809,25
4810,25
4811,25
4812,25
4813,25
4814,25
4815,25
4816,25
4817,25
4818,25
4819,25
4820,25
4821,25
4822,25
4823,25
4824,25
4825,25
4826,25
4827,25
4828,25
4829,25
4830,25
4831,25
4832,25
4833,25
4834,25
4835,25
4836,25
4837,25
4838,25
4839,25
4840,25
4841,25
4842,25
4843,25
4844,25
4845,25
4846,25
4847,25
4848,25
4849,25
4850,25
4851,25
4852,25
4853,25
4854,25
4855,25
4856,25
4857,25
4858,25
4859,25
4860,25
4861,25
4862,25
4863,25
4864,25
4865,25
4866,25
4867,25
4868,25
4869,25
4870,25
4871,25
4872,25
4873,25
4874,25
4875,25
4876,25
4877,25
4878,25
4879,25
4880,25
4881,25
4882,25
4883,25
4884,25
4885,25
4886,25
4887,25
4888,25
4889,25
4890,25
4891,25
4892,25
4893,25
4894,25
4895,25
4896,25
4897,25
4898,25
4899,25
4900,25
4901,25
4902,25
4903,25
4904,25
4905,25
4906,25
4907,25
4908,25
4909,25
4910,25
4911,25
4912,25
4913,25
4914,25
4915,25
4916,25
4917,25
4918,25
4919,25
4920,25
4921,25
4922,25
4923,25
4924,25
4925,25
4926,25
4927,25
4928,25
4929,25
4930,25
4931,25
4932,25
4933,25
4934,25
4935,25
4936,25
4937,25
4938,25
4939,25
4940,25
4941,25
4942,25
4943,25
4944,25
4945,25
4946,25
4947,25
4948,25
4949,25
4950,25
4951,25
4952,25
4953,25
4954,25
4955,25
4956,25
4957,25
4958,25
4959,25
4960,25
4961,25
4962,25
4963,25
4964,25
4965,25
4966,25
4967,25
4968,25
4969,25
4970,25
4971,25
4972,25
4973,25
4974,25
4975,25
4976,25
4977,25
4978,25
4979,25
4980,25
4981,25
4982,25
4983,25
4984,25
4985,25
4986,25
4987,25
4988,25
4989,25
4990,25
4991,25
4992,25
4993,25
4994,25
4995,25
4996,25
4997,25
4998,25
4999,25
5000,25
5001,25
5002,25
5003,25
5004,25
5005,25
5006,25
5007,25
5008,25
5009,25
5010,25
5011,25
5012,25
5013,25
5014,25
5015,25
5016,25
5017,25
5018,25
5019,25
5020,25
5021,25
5022,25
5023,25
5024,25
5025,25
5026,25
5027,25
5028,25
5029,25
5030,25
5031,25
5032,25
5033,25
5034,25
5035,25
5036,25
5037,25
5038,25
5039,25
5040,25
5041,25
5042,25
5043,25
5044,25
5045,25
5046,25
5047,25
5048,25
5049,25
5050,25
5051,25
5052,25
5053,25
5054,25
5055,25
5056,25
5057,25
5058,25
5059,25
5060,25
5061,25
5062,25
5063,25
5064,25
5065,25
5066,25
5067,25
5068,25
5069,25
5070,25
5071,25
5072,25
5073,25
5074,25
5075,25
5076,25
5077,25
5078,25
5079,25
5080,25
5081,25
5082,25
5083,25
5084,25
5085,25
5086,25
5087,25
5088,25
5089,25
5090,25
5091,25
5092,25
5093,25
5094,25
5095,25
5096,25
5097,25
5098,25
5099,25
5100,25
5101,25
5102,25
5103,25
5104,25
5105,25
5106,25
5107,25
5108,25
5109,25
5110,25
5111,25
5112,25
5113,25
5114,25
5115,25
5116,25
5117,25
5118,25
5119,25
5120,25
5121,25
5122,25
5123,25
5124,25
5125,25
5126,25
5127,25
5128,25
5129,25
5130,25
5131,25
5132,25
5133,25
5134,25
5135,25
5136,25
5137,25
5138,25
5139,25
5140,25
5141,25
5142,25
5143,25
5144,25
5145,25
5146,25
5147,25
5148,25
5149,25
5150,25
5151,25
5152,25
5153,25
5154,25
5155,25
5156,25
5157,25
5158,25
5159,25
5160,25
5161,25
5162,25
5163,25
5164,25
5165,25
5166,25
5167,25
5168,25
5169,25
5170,25
5171,25
5172,25
5173,25
5174,25
5175,25
5176,25
5177,25
5178,25
5179,25
5180,25
5181,25
5182,25
5183,25
5184,25
5185,25
5186,25
5187,25
5188,25
5189,25
5190,25
5191,25
5192,25
5193,25
5194,25
5195,25
5196,25
5197,25
5198,25
5199,25
5200,25
5201,25
5202,25
5203,25
5204,25
5205,25
5206,25
5207,25
5208,25
5209,25
5210,25
5211,25
5212,25
5213,25
5214,25
5215,25
5216,25
5217,25
5218,25
5219,25
5220,25
5221,25
5222,25
5223,25
5224,25
5225,25
5226,25
5227,25
5228,25
5229,25
5230,25
5231,25
5232,25
5233,25
5234,25
5235,25
5236,25
5237,25
5238,25
5239,25
5240,25
5241,25
5242,25
5243,25
5244,25
5245,25
5246,25
5247,25
5248,25
5249,25
5250,25
5251,25
5252,25
5253,25
5254,25
5255,25
5256,25
5257,25
5258,25
5259,25
5260,25
5261,25
5262,25
5263,25
5264,25
5265,25
5266,25
5267,25
5268,25
5269,25
5270,25
5271,25
5272,25
5273,25
5274,25
5275,25
5276,25
5277,25
5278,25
5279,25
5280,25
5281,25
5282,25
5283,25
5284,25
5285,25
5286,25
5287,25
5288,25
5289,25
5290,25
5291,25
5292,25
5293,25
5294,25
5295,25
5296,25
5297,25
5298,25
5299,25
5300,25
5301,25
5302,25
5303,25
5304,25
5305,25
5306,25
5307,25
5308,25
5309,25
5310,25
5311,25
5312,25
5313,25
5314,25
5315,25
5316,25
5317,25
5318,25
5319,25
5320,25
5321,25
5322,25
5323,25
5324,25
5325,25
5326,25
5327,25
5328,25
5329,25
5330,25
5331,25
5332,25
5333,25
5334,25
5335,25
5336,25
5337,25
5338,25
5339,25
5340,25
5341,25
5342,25
5343,25
5344,25
5345,25
5346,25
5347,25
5348,25
5349,25
5350,25
5351,25
5352,25
5353,25
5354,25
5355,25
5356,25
5357,25
5358,25
5359,25
5360,25
5361,25
5362,25
5363,25
5364,25
5365,25
5366,25
5367,25
5368,25
5369,25
5370,25
5371,25
5372,25
5373,25
5374,25
5375,25
5376,25
5377,25
5378,25
5379,25
5380,25
5381,25
5382,25
5383,25
5384,25
5385,25
5386,25
5387,25
5388,25
5389,25
5390,25
5391,25
5392,25
5393,25
5394,25
5395,25
5396,25
5397,25
5398,25
5399,25
5400,25
5401,25
5402,25
5403,25
5404,25
5405,25
5406,25
5407,25
5408,25
5409,25
5410,25
5411,25
5412,25
5413,25
5414,25
5415,25
5416,25
5417,25
5418,25
5419,25
5420,25
5421,25
5422,25
5423,25
5424,25
5425,25
5426,25
5427,25
5428,25
5429,25
5430,25
5431,25
5432,25
5433,25
5434,25
5435,25
5436,25
5437,25
5438,25
5439,25
5440,25
5441,25
5442,25
5443,25
5444,25
5445,25
5446,25
5447,25
5448,25
5449,25
5450,25
5451,25
5452,25
5453,25
5454,25
5455,25
5456,25
5457,25
5458,25
5459,25
5460,25
5461,25
5462,25
5463,25
5464,25
5465,25
5466,25
5467,25
5468,25
5469,25
5470,25
5471,25
5472,25
5473,25
5474,25
5475,25
5476,25
5477,25
5478,25
5479,25
5480,25
5481,25
5482,25
5483,25
5484,25
5485,25
5486,25
5487,25
5488,25
5489,25
5490,25
5491,25
5492,25
5493,25
5494,25
5495,25
5496,25
5497,25
5498,25
5499,25
5500,25
5501,25
5502,25
5503,25
5504,25
5505,25
5506,25
5507,25
5508,25
5509,25
5510,25
5511,25
5512,25
5513,25
5514,25
5515,25
5516,25
5517,25
5518,25
5519,25
5520,25
5521,25
5522,25
5523,25
5524,25
5525,25
5526,25
5527,25
5528,25
5529,25
5530,25
5531,25
5532,25
5533,25
5534,25
5535,25
5536,25
5537,25
5538,25
5539,25
5540,25
5541,25
5542,25
5543,25
5544,25
5545,25
5546,25
5547,25
5548,25
5549,25
5550,25
5551,25
5552,25
5553,25
5554,25
5555,25
5556,25
5557,25
5558,25
5559,25
5560,25
5561,25
5562,25
5563,25
5564,25
5565,25
5566,25
5567,25
5568,25
5569,25
5570,25
5571,25
5572,25
5573,25
5574,25
5575,25
5576,25
5577,25
5578,25
5579,25
5580,25
5581,25
5582,25
5583,25
5584,25
5585,25
5586,25
5587,25
5588,25
5589,25
5590,25
5591,25
5592,25
5593,25
5594,25
5595,25
5596,25
5597,25
5598,25
5599,25
5600,25
5601,25
5602,25
5603,25
5604,25
5605,25
5606,25
5607,25
5608,25
5609,25
5610,25
5611,25
5612,25
5613,25
5614,25
5615,25
5616,25
5617,25
5618,25
5619,25
5620,25
5621,25
5622,25
5623,25
5624,25
5625,25
5626,25
5627,25
5628,25
5629,25
5630,25
5631,25
5632,25
5633,25
5634,25
5635,25
5636,25
5637,25
5638,25
5639,25
5640,25
5641,25
5642,25
5643,25
5644,25
5645,25
5646,25
5647,25
5648,25
5649,25
5650,25
5651,25
5652,25
5653,25
5654,25
5655,25
5656,25
5657,25
5658,25
5659,25
5660,25
5661,25
5662,25
5663,25
5664,25
5665,25
5666,25
5667,25
5668,25
5669,25
5670,25
5671,25
5672,25
5673,25
5674,25
5675,25
5676,25
5677,25
5678,25
5679,25
5680,25
5681,25
5682,25
5683,25
5684,25
5685,25
5686,25
5687,25
5688,25
5689,25
5690,25
5691,25
5692,25
5693,25
5694,25
5695,25
5696,25
5697,25
5698,25
5699,25
5700,25
5701,25
5702,25
5703,25
5704,25
5705,25
5706,25
5707,25
5708,25
5709,25
5710,25
5711,25
5712,25
5713,25
5714,25
5715,25
5716,25
5717,25
5718,25
5719,25
5720,25
5721,25
5722,25
5723,25
5724,25
5725,25
5726,25
5727,25
5728,25
5729,25
5730,25
5731,25
5732,25
5733,25
5734,25
5735,25
5736,25
5737,25
5738,25
5739,25
5740,25
5741,25
5742,25
5743,25
5744,25
5745,25
5746,25
5747,25
5748,25
5749,25
5750,25
5751,25
5752,25
5753,25
5754,25
5755,25
5756,25
5757,25
5758,25
5759,25
5760,25
5761,25
5762,25
5763,25
5764,25
5765,25
5766,25
5767,25
5768,25
5769,25
5770,25
5771,25
5772,25
5773,25
5774,25
5775,25
5776,25
5777,25
5778,25
5779,25
5780,25
5781,25
5782,25
5783,25
5784,25
5785,25
5786,25
5787,25
5788,25
5789,25
5790,25
5791,25
5792,25
5793,25
5794,25
5795,25
5796,25
5797,25
5798,25
5799,25
5800,25
5801,25
5802,25
5803,25
5804,25
5805,25
5806,25
5807,25
5808,25
5809,25
5810,25
5811,25
5812,25
5813,25
5814,25
5815,25
5816,25
5817,25
5818,25
5819,25
5820,25
5821,25
5822,25
5823,25
5824,25
5825,25
5826,25
5827,25
5828,25
5829,25
5830,25
5831,25
5832,25
5833,25
5834,25
5835,25
5836,25
5837,25
5838,25
5839,25
5840,25
5841,25
5842,25
5843,25
5844,25
5845,25
5846,25
5847,25
5848,25
5849,25
5850,25
5851,25
5852,25
5853,25
5854,25
5855,25
5856,25
5857,25
5858,25
5859,25
5860,25
5861,25
5862,25
5863,25
5864,25
5865,25
5866,25
5867,25
5868,25
5869,25
5870,25
5871,25
5872,25
5873,25
5874,25
5875,25
5876,25
5877,25
5878,25
5879,25
5880,25
5881,25
5882,25
5883,25
5884,25
5885,25
5886,25
5887,25
5888,25
5889,25
5890,25
5891,25
5892,25
5893,25
5894,25
5895,25
5896,25
5897,25
5898,25
5899,25
5900,25
5901,25
5902,25
5903,25
5904,25
5905,25
5906,25
5907,25
5908,25
5909,25
5910,25
5911,25
5912,25
5913,25
5914,25
5915,25
5916,25
5917,25
5918,25
5919,25
5920,25
5921,25
5922,25
5923,25
5924,25
5925,25
5926,25
5927,25
5928,25
5929,25
5930,25
5931,25
5932,25
5933,25
5934,25
5935,25
5936,25
5937,25
5938,25
5939,25
5940,25
5941,25
5942,25
5943,25
5944,25
5945,25
5946,25
5947,25
5948,25
5949,25
5950,25
5951,25
5952,25
5953,25
5954,25
5955,25
5956,25
5957,25
5958,25
5959,25
5960,25
5961,25
5962,25
5963,25
5964,25
5965,25
5966,25
5967,25
5968,25
5969,25
5970,25
5971,25
5972,25
5973,25
5974,25
5975,25
5976,25
5977,25
5978,25
5979,25
5980,25
5981,25
5982,25
5983,25
5984,25
5985,25
5986,25
5987,25
5988,25
5989,25
5990,25
5991,25
5992,25
5993,25
5994,25
5995,25
5996,25
5997,25
5998,25
5999,25
6000,25
6001,25
6002,25
6003,25
6004,25
6005,25
6006,25
6007,25
6008,25
6009,25
6010,25
6011,25
6012,25
6013,25
6014,25
6015,25
6016,25
6017,25
6018,25
6019,25
6020,25
6021,25
6022,25
6023,25
6024,25
6025,25
6026,25
6027,25
6028,25
6029,25
6030,25
6031,25
6032,25
6033,25
6034,25
6035,25
6036,25
6037,25
6038,25
6039,25
6040,25
6041,25
6042,25
6043,25
6044,25
6045,25
6046,25
6047,25
6048,25
6049,25
6050,25
6051,25
6052,25
6053,25
6054,25
6055,25
6056,25
6057,25
6058,25
6059,25
6060,25
6061,25
6062,25
6063,25
6064,25
6065,25
6066,25
6067,25
6068,25
6069,25
6070,25
6071,25
6072,25
6073,25
6074,25
6075,25
6076,25
6077,25
6078,25
6079,25
6080,25
6081,25
6082,25
6083,25
6084,25
6085,25
6086,25
6087,25
6088,25
6089,25
6090,25
6091,25
6092,25
6093,25
6094,25
6095,25
6096,25
6097,25
6098,25
6099,25
6100,25
6101,25
6102,25
6103,25
6104,25
6105,25
6106,25
6107,25
6108,25
6109,25
6110,25
6111,25
6112,25
6113,25
6114,25
6115,25
6116,25
6117,25
6118,25
6119,25
6120,25
6121,25
6122,25
6123,25
6124,25
6125,25
6126,25
6127,25
6128,25
6129,25
6130,25
6131,25
6132,25
6133,25
6134,25
6135,25
6136,25
6137,25
6138,25
6139,25
6140,25
6141,25
6142,25
6143,25
6144,25
6145,25
6146,25
6147,25
6148,25
6149,25
6150,25
6151,25
6152,25
6153,25
6154,25
6155,25
6156,25
6157,25
6158,25
6159,25
6160,25
6161,25
6162,25
6163,25
6164,25
6165,25
6166,25
6167,25
6168,25
6169,25
6170,25
6171,25
6172,25
6173,25
6174,25
6175,25
6176,25
6177,25
6178,25
6179,25
6180,25
6181,25
6182,25
6183,25
6184,25
6185,25
6186,25
6187,25
6188,25
6189,25
6190,25
6191,25
6192,25
6193,25
6194,25
6195,25
6196,25
6197,25
6198,25
6199,25
6200,25
6201,25
6202,25
6203,25
6204,25
6205,25
6206,25
6207,25
6208,25
6209,25
6210,25
6211,25
6212,25
6213,25
6214,25
6215,25
6216,25
6217,25
6218,25
6219,25
6220,25
6221,25
6222,25
6223,25
6224,25
6225,25
6226,25
6227,25
6228,25
6229,25
6230,25
6231,25
6232,25
6233,25
6234,25
6235,25
6236,25
6237,25
6238,25
6239,25
6240,25
6241,25
6242,25
6243,25
6244,25
6245,25
6246,25
6247,25
6248,25
6249,25
6250,25
6251,25
6252,25
6253,25
6254,25
6255,25
6256,25
6257,25
6258,25
6259,25
6260,25
6261,25
6262,25
6263,25
6264,25
6265,25
6266,25
6267,25
6268,25
6269,25
6270,25
6271,25
6272,25
6273,25
6274,25
6275,25
6276,25
6277,25
6278,25
6279,25
6280,25
6281,25
6282,25
6283,25
6284,25
6285,25
6286,25
6287,25
6288,25
6289,25
6290,25
6291,25
6292,25
6293,25
6294,25
6295,25
6296,25
6297,25
6298,25
6299,25
6300,25
6301,25
6302,25
6303,25
6304,25
6305,25
6306,25
6307,25
6308,25
6309,25
6310,25
6311,25
6312,25
6313,25
6314,25
6315,25
6316,25
6317,25
6318,25
6319,25
6320,25
6321,25
6322,25
6323,25
6324,25
6325,25
6326,25
6327,25
6328,25
6329,25
6330,25
6331,25
6332,25
6333,25
6334,25
6335,25
6336,25
6337,25
6338,25
6339,25
6340,25
6341,25
6342,25
6343,25
6344,25
6345,25
6346,25
6347,25
6348,25
6349,25
6350,25
6351,25
6352,25
6353,25
6354,25
6355,25
6356,25
6357,25
6358,25
6359,25
6360,25
6361,25
6362,25
6363,25
6364,25
6365,25
6366,25
6367,25
6368,25
6369,25
6370,25
6371,25
6372,25
6373,25
6374,25
6375,25
6376,25
6377,25
6378,25
6379,25
6380,25
6381,25
6382,25
6383,25
6384,25
6385,25
6386,25
6387,25
6388,25
6389,25
6390,25
6391,25
6392,25
6393,25
6394,25
6395,25
6396,25
6397,25
6398,25
6399,25
6400,25
6401,25
6402,25
6403,25
6404,25
6405,25
6406,25
6407,25
6408,25
6409,25
6410,25
6411,25
6412,25
6413,25
6414,25
6415,25
6416,25
6417,25
6418,25
6419,25
6420,25
6421,25
6422,25
6423,25
6424,25
6425,25
6426,25
6427,25
6428,25
6429,25
6430,25
6431,25
6432,25
6433,25
6434,25
6435,25
6436,25
6437,25
6438,25
6439,25
6440,25
6441,25
6442,25
6443,25
6444,25
6445,25
6446,25
6447,25
6448,25
6449,25
6450,25
6451,25
6452,25
6453,25
6454,25
6455,25
6456,25
6457,25
6458,25
6459,25
6460,25
6461,25
6462,25
6463,25
6464,25
6465,25
6466,25
6467,25
6468,25
6469,25
6470,25
6471,25
6472,25
6473,25
6474,25
6475,25
6476,25
6477,25
6478,25
6479,25
6480,25
6481,25
6482,25
6483,25
6484,25
6485,25
6486,25
6487,25
6488,25
6489,25
6490,25
6491,25
6492,25
6493,25
6494,25
6495,25
6496,25
6497,25
6498,25
6499,25
6500,25
6501,25
6502,25
6503,25
6504,25
6505,25
6506,25
6507,25
6508,25
6509,25
6510,25
6511,25
6512,25
6513,25
6514,25
6515,25
6516,25
6517,25
6518,25
6519,25
6520,25
6521,25
6522,25
6523,25
6524,25
6525,25
6526,25
6527,25
6528,25
6529,25
6530,25
6531,25
6532,25
6533,25
6534,25
6535,25
6536,25
6537,25
6538,25
6539,25
6540,25
6541,25
6542,25
6543,25
6544,25
6545,25
6546,25
6547,25
6548,25
6549,25
6550,25
6551,25
6552,25
6553,25
6554,25
6555,25
6556,25
6557,25
6558,25
6559,25
6560,25
6561,25
6562,25
6563,25
6564,25
6565,25
6566,25
6567,25
6568,25
6569,25
6570,25
6571,25
6572,25
6573,25
6574,25
6575,25
6576,25
6577,25
6578,25
6579,25
6580,25
6581,25
6582,25
6583,25
6584,25
6585,25
6586,25
6587,25
6588,25
6589,25
6590,25
6591,25
6592,25
6593,25
6594,25
6595,25
6596,25
6597,25
6598,25
6599,25
6600,25
6601,25
6602,25
6603,25
6604,25
6605,25
6606,25
6607,25
6608,25
6609,25
6610,25
6611,25
6612,25
6613,25
6614,25
6615,25
6616,25
6617,25
6618,25
6619,25
6620,25
6621,25
6622,25
6623,25
6624,25
6625,25
6626,25
6627,25
6628,25
6629,25
6630,25
6631,25
6632,25
6633,25
6634,25
6635,25
6636,25
6637,25
6638,25
6639,25
6640,25
6641,25
6642,25
6643,25
6644,25
6645,25
6646,25
6647,25
6648,25
6649,25
6650,25
6651,25
6652,25
6653,25
6654,25
6655,25
6656,25
6657,25
6658,25
6659,25
6660,25
6661,25
6662,25
6663,25
6664,25
6665,25
6666,25
6667,25
6668,25
6669,25
6670,25
6671,25
6672,25
6673,25
6674,25
6675,25
6676,25
6677,25
6678,25
6679,25
6680,25
6681,25
6682,25
6683,25
6684,25
6685,25
6686,25
6687,25
6688,25
6689,25
6690,25
6691,25
6692,25
6693,25
6694,25
6695,25
6696,25
6697,25
6698,25
6699,25
6700,25
6701,25
6702,25
6703,25
6704,25
6705,25
6706,25
6707,25
6708,25
6709,25
6710,25
6711,25
6712,25
6713,25
6714,25
6715,25
6716,25
6717,25
6718,25
6719,25
6720,25
6721,25
6722,25
6723,25
6724,25
6725,25
6726,25
6727,25
6728,25
6729,25
6730,25
6731,25
6732,25
6733,25
6734,25
6735,25
6736,25
6737,25
6738,25
6739,25
6740,25
6741,25
6742,25
6743,25
6744,25
6745,25
6746,25
6747,25
6748,25
6749,25
6750,25
6751,25
6752,25
6753,25
6754,25
6755,25
6756,25
6757,25
6758,25
6759,25
6760,25
6761,25
6762,25
6763,25
6764,25
6765,25
6766,25
6767,25
6768,25
6769,25
6770,25
6771,25
6772,25
6773,25
6774,25
6775,25
6776,25
6777,25
6778,25
6779,25
6780,25
6781,25
6782,25
6783,25
6784,25
6785,25
6786,25
6787,25
6788,25
6789,25
6790,25
6791,25
6792,25
6793,25
6794,25
6795,25
6796,25
6797,25
6798,25
6799,25
6800,25
6801,25
6802,25
6803,25
6804,25
6805,25
6806,25
6807,25
6808,25
6809,25
6810,25
6811,25
6812,25
6813,25
6814,25
6815,25
6816,25
6817,25
6818,25
6819,25
6820,25
6821,25
6822,25
6823,25
6824,25
6825,25
6826,25
6827,25
6828,25
6829,25
6830,25
6831,25
6832,25
6833,25
6834,25
6835,25
6836,25
6837,25
6838,25
6839,25
6840,25
6841,25
6842,25
6843,25
6844,25
6845,25
6846,25
6847,25
6848,25
6849,25
6850,25
6851,25
6852,25
6853,25
6854,25
6855,25
6856,25
6857,25
6858,25
6859,25
6860,25
6861,25
6862,25
6863,25
6864,25
6865,25
6866,25
6867,25
6868,25
6869,25
6870,25
6871,25
6872,25
6873,25
6874,25
6875,25
6876,25
6877,25
6878,25
6879,25
6880,25
6881,25
6882,25
6883,25
6884,25
6885,25
6886,25
6887,25
6888,25
6889,25
6890,25
6891,25
6892,25
6893,25
6894,25
6895,25
6896,25
6897,25
6898,25
6899,25
6900,25
6901,25
6902,25
6903,25
6904,25
6905,25
6906,25
6907,25
6908,25
6909,25
6910,25
6911,25
6912,25
6913,25
6914,25
6915,25
6916,25
6917,25
6918,25
6919,25
6920,25
6921,25
6922,25
6923,25
6924,25
6925,25
6926,25
6927,25
6928,25
6929,25
6930,25
6931,25
6932,25
6933,25
6934,25
6935,25
6936,25
6937,25
6938,25
6939,25
6940,25
6941,25
6942,25
6943,25
6944,25
6945,25
6946,25
6947,25
6948,25
6949,25
6950,25
6951,25
6952,25
6953,25
6954,25
6955,25
6956,25
6957,25
6958,25
6959,25
6960,25
6961,25
6962,25
6963,25
6964,25
6965,25
6966,25
6967,25
6968,25
6969,25
6970,25
6971,25
6972,25
6973,25
6974,25
6975,25
6976,25
6977,25
6978,25
6979,25
6980,25
6981,25
6982,25
6983,25
6984,25
6985,25
6986,25
6987,25
6988,25
6989,25
6990,25
6991,25
6992,25
6993,25
6994,25
6995,25
6996,25
6997,25
6998,25
6999,25
7000,25
7001,25
7002,25
7003,25
7004,25
7005,25
7006,25
7007,25
7008,25
7009,25
7010,25
7011,25
7012,25
7013,25
7014,25
7015,25
7016,25
7017,25
7018,25
7019,25
7020,25
7021,25
7022,25
7023,25
7024,25
7025,25
7026,25
7027,25
7028,25
7029,25
7030,25
7031,25
7032,25
7033,25
7034,25
7035,25
7036,25
7037,25
7038,25
7039,25
7040,25
7041,25
7042,25
7043,25
7044,25
7045,25
7046,25
7047,25
7048,25
7049,25
7050,25
7051,25
7052,25
7053,25
7054,25
7055,25
7056,25
7057,25
7058,25
7059,25
7060,25
7061,25
7062,25
7063,25
7064,25
7065,25
7066,25
7067,25
7068,25
7069,25
7070,25
7071,25
7072,25
7073,25
7074,25
7075,25
7076,25
7077,25
7078,25
7079,25
7080,25
7081,25
7082,25
7083,25
7084,25
7085,25
7086,25
7087,25
7088,25
7089,25
7090,25
7091,25
7092,25
7093,25
7094,25
7095,25
7096,25
7097,25
7098,25
7099,25
7100,25
7101,25
7102,25
7103,25
7104,25
7105,25
7106,25
7107,25
7108,25
7109,25
7110,25
7111,25
7112,25
7113,25
7114,25
7115,25
7116,25
7117,25
7118,25
7119,25
7120,25
7121,25
7122,25
7123,25
7124,25
7125,25
7126,25
7127,25
7128,25
7129,25
7130,25
7131,25
7132,25
7133,25
7134,25
7135,25
7136,25
7137,25
7138,25
7139,25
7140,25
7141,25
7142,25
7143,25
7144,25
7145,25
7146,25
7147,25
7148,25
7149,25
7150,25
7151,25
7152,25
7153,25
7154,25
7155,25
7156,25
7157,25
7158,25
7159,25
7160,25
7161,25
7162,25
7163,25
7164,25
7165,25
7166,25
7167,25
7168,25
7169,25
7170,25
7171,25
7172,25
7173,25
7174,25
7175,25
7176,25
7177,25
7178,25
7179,25
7180,25
7181,25
7182,25
7183,25
7184,25
7185,25
7186,25
7187,25
7188,25
7189,25
7190,25
7191,25
7192,25
7193,25
7194,25
7195,25
7196,25
7197,25
7198,25
7199,25
7200,25
7201,25
7202,25
7203,25
7204,25
7205,25
7206,25
7207,25
7208,25
7209,25
7210,25
7211,25
7212,25
7213,25
7214,25
7215,25
7216,25
7217,25
7218,25
7219,25
7220,25
7221,25
7222,25
7223,25
7224,25
7225,25
7226,25
7227,25
7228,25
7229,25
7230,25
7231,25
7232,25
7233,25
7234,25
7235,25
7236,25
7237,25
7238,25
7239,25
7240,25
7241,25
7242,25
7243,25
7244,25
7245,25
7246,25
7247,25
7248,25
7249,25
7250,25
7251,25
7252,25
7253,25
7254,25
7255,25
7256,25
7257,25
7258,25
7259,25
7260,25
7261,25
7262,25
7263,25
7264,25
7265,25
7266,25
7267,25
7268,25
7269,25
7270,25
7271,25
7272,25
7273,25
7274,25
7275,25
7276,25
7277,25
7278,25
7279,25
7280,25
7281,25
7282,25
7283,25
7284,25
7285,25
7286,25
7287,25
7288,25
7289,25
7290,25
7291,25
7292,25
7293,25
7294,25
7295,25
7296,25
7297,25
7298,25
7299,25
7300,25
7301,25
7302,25
7303,25
7304,25
7305,25
7306,25
7307,25
7308,25
7309,25
7310,25
7311,25
7312,25
7313,25
7314,25
7315,25
7316,25
7317,25
7318,25
7319,25
7320,25
7321,25
7322,25
7323,25
7324,25
7325,25
7326,25
7327,25
7328,25
7329,25
7330,25
7331,25
7332,25
7333,25
7334,25
7335,25
7336,25
7337,25
7338,25
7339,25
7340,25
7341,25
7342,25
7343,25
7344,25
7345,25
7346,25
7347,25
7348,25
7349,25
7350,25
7351,25
7352,25
7353,25
7354,25
7355,25
7356,25
7357,25
7358,25
7359,25
7360,25
7361,25
7362,25
7363,25
7364,25
7365,25
7366,25
7367,25
7368,25
7369,25
7370,25
7371,25
7372,25
7373,25
7374,25
7375,25
7376,25
7377,25
7378,25
7379,25
7380,25
7381,25
7382,25
7383,25
7384,25
7385,25
7386,25
7387,25
7388,25
7389,25
7390,25
7391,25
7392,25
7393,25
7394,25
7395,25
7396,25
7397,25
7398,25
7399,25
7400,25
7401,25
7402,25
7403,25
7404,25
7405,25
7406,25
7407,25
7408,25
7409,25
7410,25
7411,25
7412,25
7413,25
7414,25
7415,25
7416,25
7417,25
7418,25
7419,25
7420,25
7421,25
7422,25
7423,25
7424,25
7425,25
7426,25
7427,25
7428,25
7429,25
7430,25
7431,25
7432,25
7433,25
7434,25
7435,25
7436,25
7437,25
7438,25
7439,25
7440,25
7441,25
7442,25
7443,25
7444,25
7445,25
7446,25
7447,25
7448,25
7449,25
7450,25
7451,25
7452,25
7453,25
7454,25
7455,25
7456,25
7457,25
7458,25
7459,25
7460,25
7461,25
7462,25
7463,25
7464,25
7465,25
7466,25
7467,25
7468,25
7469,25
7470,25
7471,25
7472,25
7473,25
7474,25
7475,25
7476,25
7477,25
7478,25
7479,25
7480,25
7481,25
7482,25
7483,25
7484,25
7485,25
7486,25
7487,25
7488,25
7489,25
7490,25
7491,25
7492,25
7493,25
7494,25
7495,25
7496,25
7497,25
7498,25
7499,25
7500,25
7501,25
7502,25
7503,25
7504,25
7505,25
7506,25
7507,25
7508,25
7509,25
7510,25
7511,25
7512,25
7513,25
7514,25
7515,25
7516,25
7517,25
7518,25
7519,25
7520,25
7521,25
7522,25
7523,25
7524,25
7525,25
7526,25
7527,25
7528,25
7529,25
7530,25
7531,25
7532,25
7533,25
7534,25
7535,25
7536,25
7537,25
7538,25
7539,25
7540,25
7541,25
7542,25
7543,25
7544,25
7545,25
7546,25
7547,25
7548,25
7549,25
7550,25
7551,25
7552,25
7553,25
7554,25
7555,25
7556,25
7557,25
7558,25
7559,25
7560,25
7561,25
7562,25
7563,25
7564,25
7565,25
7566,25
7567,25
7568,25
7569,25
7570,25
7571,25
7572,25
7573,25
7574,25
7575,25
7576,25
7577,25
7578,25
7579,25
7580,25
7581,25
7582,25
7583,25
7584,25
7585,25
7586,25
7587,25
7588,25
7589,25
7590,25
7591,25
7592,25
7593,25
7594,25
7595,25
7596,25
7597,25
7598,25
7599,25
7600,25
7601,25
7602,25
7603,25
7604,25
7605,25
7606,25
7607,25
7608,25
7609,25
7610,25
7611,25
7612,25
7613,25
7614,25
7615,25
7616,25
7617,25
7618,25
7619,25
7620,25
7621,25
7622,25
7623,25
7624,25
7625,25
7626,25
7627,25
7628,25
7629,25
7630,25
7631,25
7632,25
7633,25
7634,25
7635,25
7636,25
7637,25
7638,25
7639,25
7640,25
7641,25
7642,25
7643,25
7644,25
7645,25
7646,25
7647,25
7648,25
7649,25
7650,25
7651,25
7652,25
7653,25
7654,25
7655,25
7656,25
7657,25
7658,25
7659,25
7660,25
7661,25
7662,25
7663,25
7664,25
7665,25
7666,25
7667,25
7668,25
7669,25
7670,25
7671,25
7672,25
7673,25
7674,25
7675,25
7676,25
7677,25
7678,25
7679,25
7680,25
7681,25
7682,25
7683,25
7684,25
7685,25
7686,25
7687,25
7688,25
7689,25
7690,25
7691,25
7692,25
7693,25
7694,25
7695,25
7696,25
7697,25
7698,25
7699,25
7700,25
7701,25
7702,25
7703,25
7704,25
7705,25
7706,25
7707,25
7708,25
7709,25
7710,25
7711,25
7712,25
7713,25
7714,25
7715,25
7716,25
7717,25
7718,25
7719,25
7720,25
7721,25
7722,25
7723,25
7724,25
7725,25
7726,25
7727,25
7728,25
7729,25
7730,25
7731,25
7732,25
7733,25
7734,25
7735,25
7736,25
7737,25
7738,25
7739,25
7740,25
7741,25
7742,25
7743,25
7744,25
7745,25
7746,25
7747,25
7748,25
7749,25
7750,25
7751,25
7752,25
7753,25
7754,25
7755,25
7756,25
7757,25
7758,25
7759,25
7760,25
7761,25
7762,25
7763,25
7764,25
7765,25
7766,25
7767,25
7768,25
7769,25
7770,25
7771,25
7772,25
7773,25
7774,25
7775,25
7776,25
7777,25
7778,25
7779,25
7780,25
7781,25
7782,25
7783,25
7784,25
7785,25
7786,25
7787,25
7788,25
7789,25
7790,25
7791,25
7792,25
7793,25
7794,25
7795,25
7796,25
7797,25
7798,25
7799,25
7800,25
7801,25
7802,25
7803,25
7804,25
7805,25
7806,25
7807,25
7808,25
7809,25
7810,25
7811,25
7812,25
7813,25
7814,25
7815,25
7816,25
7817,25
7818,25
7819,25
7820,25
7821,25
7822,25
7823,25
7824,25
7825,25
7826,25
7827,25
7828,25
7829,25
7830,25
7831,25
7832,25
7833,25
7834,25
7835,25
7836,25
7837,25
7838,25
7839,25
7840,25
7841,25
7842,25
7843,25
7844,25
7845,25
7846,25
7847,25
7848,25
7849,25
7850,25
7851,25
7852,25
7853,25
7854,25
7855,25
7856,25
7857,25
7858,25
7859,25
7860,25
7861,25
7862,25
7863,25
7864,25
7865,25
7866,25
7867,25
7868,25
7869,25
7870,25
7871,25
7872,25
7873,25
7874,25
7875,25
7876,25
7877,25
7878,25
7879,25
7880,25
7881,25
7882,25
7883,25
7884,25
7885,25
7886,25
7887,25
7888,25
7889,25
7890,25
7891,25
7892,25
7893,25
7894,25
7895,25
7896,25
7897,25
7898,25
7899,25
7900,25
7901,25
7902,25
7903,25
7904,25
7905,25
7906,25
7907,25
7908,25
7909,25
7910,25
7911,25
7912,25
7913,25
7914,25
7915,25
7916,25
7917,25
7918,25
7919,25
7920,25
7921,25
7922,25
7923,25
7924,25
7925,25
7926,25
7927,25
7928,25
7929,25
7930,25
7931,25
7932,25
7933,25
7934,25
7935,25
7936,25
7937,25
7938,25
7939,25
7940,25
7941,25
7942,25
7943,25
7944,25
7945,25
7946,25
7947,25
7948,25
7949,25
7950,25
7951,25
7952,25
7953,25
7954,25
7955,25
7956,25
7957,25
7958,25
7959,25
7960,25
7961,25
7962,25
7963,25
7964,25
7965,25
7966,25
7967,25
7968,25
7969,25
7970,25
7971,25
7972,25
7973,25
7974,25
7975,25
7976,25
7977,25
7978,25
7979,25
7980,25
7981,25
7982,25
7983,25
7984,25
7985,25
7986,25
7987,25
7988,25
7989,25
7990,25
7991,25
7992,25
7993,25
7994,25
7995,25
7996,25
7997,25
7998,25
7999,25
8000,25
8001,25
8002,25
8003,25
8004,25
8005,25
8006,25
8007,25
8008,25
8009,25
8010,25
8011,25
8012,25
8013,25
8014,25
8015,25
8016,25
8017,25
8018,25
8019,25
8020,25
8021,25
8022,25
8023,25
8024,25
8025,25
8026,25
8027,25
8028,25
8029,25
8030,25
8031,25
8032,25
8033,25
8034,25
8035,25
8036,25
8037,25
8038,25
8039,25
8040,25
8041,25
8042,25
8043,25
8044,25
8045,25
8046,25
8047,25
8048,25
8049,25
8050,25
8051,25
8052,25
8053,25
8054,25
8055,25
8056,25
8057,25
8058,25
8059,25
8060,25
8061,25
8062,25
8063,25
8064,25
8065,25
8066,25
8067,25
8068,25
8069,25
8070,25
8071,25
8072,25
8073,25
8074,25
8075,25
8076,25
8077,25
8078,25
8079,25
8080,25
8081,25
8082,25
8083,25
8084,25
8085,25
8086,25
8087,25
8088,25
8089,25
8090,25
8091,25
8092,25
8093,25
8094,25
8095,25
8096,25
8097,25
8098,25
8099,25
8100,25
8101,25
8102,25
8103,25
8104,25
8105,25
8106,25
8107,25
8108,25
8109,25
8110,25
8111,25
8112,25
8113,25
8114,25
8115,25
8116,25
8117,25
8118,25
8119,25
8120,25
8121,25
8122,25
8123,25
8124,25
8125,25
8126,25
8127,25
8128,25
8129,25
8130,25
8131,25
8132,25
8133,25
8134,25
8135,25
8136,25
8137,25
8138,25
8139,25
8140,25
8141,25
8142,25
8143,25
8144,25
8145,25
8146,25
8147,25
8148,25
8149,25
8150,25
8151,25
8152,25
8153,25
8154,25
8155,25
8156,25
8157,25
8158,25
8159,25
8160,25
8161,25
8162,25
8163,25
8164,25
8165,25
8166,25
8167,25
8168,25
8169,25
8170,25
8171,25
8172,25
8173,25
8174,25
8175,25
8176,25
8177,25
8178,25
8179,25
8180,25
8181,25
8182,25
8183,25
8184,25
8185,25
8186,25
8187,25
8188,25
8189,25
8190,25
8191,25
8192,25
8193,25
8194,25
8195,25
8196,25
8197,25
8198,25
8199,25
8200,25
8201,25
8202,25
8203,25
8204,25
8205,25
8206,25
8207,25
8208,25
8209,25
8210,25
8211,25
8212,25
8213,25
8214,25
8215,25
8216,25
8217,25
8218,25
8219,25
8220,25
8221,25
8222,25
8223,25
8224,25
8225,25
8226,25
8227,25
8228,25
8229,25
8230,25
8231,25
8232,25
8233,25
8234,25
8235,25
8236,25
8237,25
8238,25
8239,25
8240,25
8241,25
8242,25
8243,25
8244,25
8245,25
8246,25
8247,25
8248,25
8249,25
8250,25
8251,25
8252,25
8253,25
8254,25
8255,25
8256,25
8257,25
8258,25
8259,25
8260,25
8261,25
8262,25
8263,25
8264,25
8265,25
8266,25
8267,25
8268,25
8269,25
8270,25
8271,25
8272,25
8273,25
8274,25
8275,25
8276,25
8277,25
8278,25
8279,25
8280,25
8281,25
8282,25
8283,25
8284,25
8285,25
8286,25
8287,25
8288,25
8289,25
8290,25
8291,25
8292,25
8293,25
8294,25
8295,25
8296,25
8297,25
8298,25
8299,25
8300,25
8301,25
8302,25
8303,25
8304,25
8305,25
8306,25
8307,25
8308,25
8309,25
8310,25
8311,25
8312,25
8313,25
8314,25
8315,25
8316,25
8317,25
8318,25
8319,25
8320,25
8321,25
8322,25
8323,25
8324,25
8325,25
8326,25
8327,25
8328,25
8329,25
8330,25
8331,25
8332,25
8333,25
8334,25
8335,25
8336,25
8337,25
8338,25
8339,25
8340,25
8341,25
8342,25
8343,25
8344,25
8345,25
8346,25
8347,25
8348,25
8349,25
8350,25
8351,25
8352,25
8353,25
8354,25
8355,25
8356,25
8357,25
8358,25
8359,25
8360,25
8361,25
8362,25
8363,25
8364,25
8365,25
8366,25
8367,25
8368,25
8369,25
8370,25
8371,25
8372,25
8373,25
8374,25
8375,25
8376,25
8377,25
8378,25
8379,25
8380,25
8381,25
8382,25
8383,25
8384,25
8385,25
8386,25
8387,25
8388,25
8389,25
8390,25
8391,25
8392,25
8393,25
8394,25
8395,25
8396,25
8397,25
8398,25
8399,25
8400,25
8401,25
8402,25
8403,25
8404,25
8405,25
8406,25
8407,25
8408,25
8409,25
8410,25
8411,25
8412,25
8413,25
8414,25
8415,25
8416,25
8417,25
8418,25
8419,25
8420,25
8421,25
8422,25
8423,25
8424,25
8425,25
8426,25
8427,25
8428,25
8429,25
8430,25
8431,25
8432,25
8433,25
8434,25
8435,25
8436,25
8437,25
8438,25
8439,25
8440,25
8441,25
8442,25
8443,25
8444,25
8445,25
8446,25
8447,25
8448,25
8449,25
8450,25
8451,25
8452,25
8453,25
8454,25
8455,25
8456,25
8457,25
8458,25
8459,25
8460,25
8461,25
8462,25
8463,25
8464,25
8465,25
8466,25
8467,25
8468,25
8469,25
8470,25
8471,25
8472,25
8473,25
8474,25
8475,25
8476,25
8477,25
8478,25
8479,25
8480,25
8481,25
8482,25
8483,25
8484,25
8485,25
8486,25
8487,25
8488,25
8489,25
8490,25
8491,25
8492,25
8493,25
8494,25
8495,25
8496,25
8497,25
8498,25
8499,25
8500,25
8501,25
8502,25
8503,25
8504,25
8505,25
8506,25
8507,25
8508,25
8509,25
8510,25
8511,25
8512,25
8513,25
8514,25
8515,25
8516,25
8517,25
8518,25
8519,25
8520,25
8521,25
8522,25
8523,25
8524,25
8525,25
8526,25
8527,25
8528,25
8529,25
8530,25
8531,25
8532,25
8533,25
8534,25
8535,25
8536,25
8537,25
8538,25
8539,25
8540,25
8541,25
8542,25
8543,25
8544,25
8545,25
8546,25
8547,25
8548,25
8549,25
8550,25
8551,25
8552,25
8553,25
8554,25
8555,25
8556,25
8557,25
8558,25
8559,25
8560,25
8561,25
8562,25
8563,25
8564,25
8565,25
8566,25
8567,25
8568,25
8569,25
8570,25
8571,25
8572,25
8573,25
8574,25
8575,25
8576,25
8577,25
8578,25
8579,25
8580,25
8581,25
8582,25
8583,25
8584,25
8585,25
8586,25
8587,25
8588,25
8589,25
8590,25
8591,25
8592,25
8593,25
8594,25
8595,25
8596,25
8597,25
8598,25
8599,25
8600,25
8601,25
8602,25
8603,25
8604,25
8605,25
8606,25
8607,25
8608,25
8609,25
8610,25
8611,25
8612,25
8613,25
8614,25
8615,25
8616,25
8617,25
8618,25
8619,25
8620,25
8621,25
8622,25
8623,25
8624,25
8625,25
8626,25
8627,25
8628,25
8629,25
8630,25
8631,25
8632,25
8633,25
8634,25
8635,25
8636,25
8637,25
8638,25
8639,25
8640,25
8641,25
8642,25
8643,25
8644,25
8645,25
8646,25
8647,25
8648,25
8649,25
8650,25
8651,25
8652,25
8653,25
8654,25
8655,25
8656,25
8657,25
8658,25
8659,25
8660,25
8661,25
8662,25
8663,25
8664,25
8665,25
8666,25
8667,25
8668,25
8669,25
8670,25
8671,25
8672,25
8673,25
8674,25
8675,25
8676,25
8677,25
8678,25
8679,25
8680,25
8681,25
8682,25
8683,25
8684,25
8685,25
8686,25
8687,25
8688,25
8689,25
8690,25
8691,25
8692,25
8693,25
8694,25
8695,25
8696,25
8697,25
8698,25
8699,25
8700,25
8701,25
8702,25
8703,25
8704,25
8705,25
8706,25
8707,25
8708,25
8709,25
8710,25
8711,25
8712,25
8713,25
8714,25
8715,25
8716,25
8717,25
8718,25
8719,25
8720,25
8721,25
8722,25
8723,25
8724,25
8725,25
8726,25
8727,25
8728,25
8729,25
8730,25
8731,25
8732,25
8733,25
8734,25
8735,25
8736,25
8737,25
8738,25
8739,25
8740,25
8741,25
8742,25
8743,25
8744,25
8745,25
8746,25
8747,25
8748,25
8749,25
8750,25
8751,25
8752,25
8753,25
8754,25
8755,25
8756,25
8757,25
8758,25
8759,25
8760,25
